user_id,total_credit_limit,credit_score,current_utilization,delinquencies,num_loans
90ce7b98-5840-42ac-9c69-8c0ccadbf125,5736.63,729,27,0,5
e68758c8-9065-41dd-831c-1ae9414fd6ca,29735.49,738,52,0,4
71260fe4-2b0c-413b-aab2-a5dd8b91bb3f,6829.79,685,26,0,4
d14c0854-1058-402b-9f99-cba857aa269a,39034.17,794,41,0,0
f3e52ef1-02cc-4dd9-b695-9b2363b57096,30216.18,671,38,0,2
f9cee354-5d85-4fa1-b7c6-112b639b82a2,37599.05,672,23,1,6
1f10a929-b3ad-4096-9295-4c8d601f833b,71552.05,536,46,0,0
35782d78-caab-458c-94f6-37f1a36783fd,30510.54,596,21,2,3
a99ef420-f64b-41be-bb60-5fdd6c5196e1,27482.39,639,34,0,0
11055f63-2b59-4a5b-a277-af67a9185501,22760.86,645,8,1,2
457087ea-29ed-43ca-96e9-c11a1d005f0a,36318.71,787,26,0,3
c5a0fa60-0363-4a74-8563-601a66d09370,15380.37,704,8,0,0
f9a6da85-fb20-4f38-aaa3-9f8e06925060,8051.24,667,31,0,2
85e2ca38-c266-47cc-8d6b-138f73c9f302,99801.45,439,80,0,1
d64567a4-d15c-4387-ad0d-acff8197f18b,9028.56,663,25,0,0
fb5bf53d-6001-4744-9a60-ff8dd9db93d4,12692.26,663,57,1,2
99a614a6-69b5-4033-b358-e43a131d6519,9044.0,699,14,1,0
02c71ec5-f50b-4996-9256-cc29878c31f9,38780.07,749,11,1,0
8db81fdf-ece5-46f7-935e-5ff1cff3da01,24735.59,712,0,0,3
02f2824a-c0ca-4eb6-9460-a8e25ab515e4,6182.45,620,32,1,5
6ac45aa6-9554-441f-adfb-fd80c4b5ad4b,32400.91,744,32,1,2
34b004e3-fa78-4971-9a97-7f801337a81e,18204.58,693,25,2,0
22565f10-6a26-4657-bbd4-f5f3cbc7d470,19353.64,611,19,1,3
ce59b4e6-8b5c-4c8d-aa51-dba401b7d4cd,24529.96,672,45,1,2
6d19271b-fd25-4637-9f65-97fe84abd5b0,13731.02,720,3,0,1
54ce67f0-efd4-450c-8e8e-27b8699a44dd,6172.11,719,24,0,2
6c10c1ab-57a6-4e1a-bafc-b0fe709b5190,8031.08,659,39,1,1
880ce0c3-ee5d-4e0c-ac56-4bac7e7e49db,12122.04,761,43,1,1
6bc05609-ed80-4f6d-901f-c0f307a8fa93,22273.98,649,25,0,2
6c3a54c9-08ff-49bf-9037-78a694f95bb3,31961.22,719,44,0,3
6f7eedf2-42b7-4673-a23e-8689172d617f,9544.92,671,27,0,4
25c0cfb1-0f1d-4471-a483-84b0ac85e92a,16393.54,633,12,0,2
3a1d76e2-bcc0-4e63-897d-b6d187d17431,7818.3,748,50,1,1
1e772dfc-c1ba-4d49-bd89-7ed0a0f26e8d,28202.71,695,45,0,2
a042c953-d568-4468-ac1d-d4de77d0c85c,18075.67,721,20,1,2
d2c8b36b-f1a0-4cb2-9324-e470e9fe15ed,24862.45,721,53,0,1
db46c6c9-3706-4aca-bbd2-bddbd31399f5,26245.59,697,53,0,4
f20db7a3-e0d0-44b6-9c7d-471c34e2a92f,22546.08,542,42,1,3
d14465e9-0874-4d2f-bf1f-2bab10e9481a,34895.84,705,25,0,2
6e0fb1bc-89a0-401d-a592-695ffc7f4187,17353.84,705,0,1,0
6f90d178-0761-43b6-9eb1-b532528efc3e,25463.28,686,35,0,2
7faea876-1f0e-4dbe-99eb-4cbfb21cae19,38065.94,788,22,2,2
58838016-b312-4bdc-a63b-6c6f64bb6d08,23299.67,651,22,0,4
980df27f-11ca-4690-871d-7bf2aa7ccfc0,10284.14,754,34,0,2
91d08ab0-e9c3-41b7-a9c3-adad943fff01,30059.07,668,37,0,2
e5036ad0-818c-4e5c-a5e3-c1f6df50fc25,75878.95,526,89,0,1
ef1ebdbc-b79f-49d9-a8d1-986683fe787e,19351.56,657,25,0,2
c6128d13-d8f0-4de5-aa20-16dd42a2ed4f,6988.01,676,8,0,2
ebf16a4c-7d4d-4416-9a8b-f8eab8e325ba,32066.43,717,33,1,0
8a379b1a-e513-4a01-81de-0def3c9b1d6e,12521.5,700,26,1,0
405398c5-0557-4ac9-bf6a-95b7a07b5b79,30283.27,615,23,0,3
570eb8f5-f75b-4889-b0fe-eea3661d1d17,19695.64,679,17,0,2
925c0a85-aa27-4634-9cf7-ca085713a661,39103.05,690,36,1,1
c9fb6c33-33c2-4506-9c6a-07d8e0d5891e,32280.23,813,32,0,3
0141f68c-594a-4599-bf20-87a5db057e57,79565.01,538,73,0,4
062a0960-a18c-406e-b318-451a92f928b1,89757.37,385,74,0,0
5295c1e7-7c9b-4168-aadc-20d8bda89174,10749.44,703,66,0,4
660e6aef-cf70-445f-943a-6eaf1155e2f4,23840.03,688,34,0,2
29a9b0ee-b674-429c-a958-1c70bd434cdf,8293.34,697,12,1,0
3fde9332-502f-4d38-826d-94ab8476ca40,25068.79,768,41,0,5
66918ab3-8011-40d0-8473-b75467bdc913,6690.28,747,16,0,1
6bf8d871-510f-48d1-97ee-83bce36c34b1,14639.03,784,8,1,0
b80e8a0c-849d-43e6-a195-a7a72d03e0e4,38707.45,735,62,1,1
b31b93b3-2a63-41c2-9424-90094de72006,22460.7,640,21,0,2
196fa16a-26e1-49fa-a128-d4c43a84279d,13043.25,705,22,0,5
60a7f09b-7218-41ce-be2d-914d36ce9779,14276.98,606,31,2,2
7db5a5da-dffb-4a3e-bed4-5c82a3ccb120,20545.88,636,37,0,4
a55613d8-9cec-42b3-8bbb-4386a2323dc3,21951.79,644,53,0,0
cdd13493-8f9b-4fa3-a5ea-c39149cf7f63,10442.76,653,25,3,2
7ea9f1f0-4a26-4ee2-a57f-d1c92e264443,19822.68,748,11,1,2
ae51a645-3fca-4059-8209-adbcd109de3b,27606.99,713,49,0,1
20e97bcf-6a02-4b58-971c-ba084d3ac903,8064.03,603,32,0,2
830dccec-c69f-4e7f-b6bb-f964c227104a,25514.9,715,41,3,3
51a7849b-1c3d-4dd4-a295-0b3e3965c77f,34001.58,625,10,1,2
1c0cb985-579e-4587-a413-06bbb1ae37d5,7057.06,731,34,0,0
23dd9f1c-bd45-4e21-bc54-6c2997b8eb8d,28405.62,715,35,1,6
b363997f-021e-4218-a3c9-3219815e8ca9,60650.42,472,78,0,0
222bef4f-f7a9-4914-a600-5b0b467a3721,10525.77,717,19,1,0
5afbc0c5-0548-4a04-884b-e4247cdf38a4,9879.55,811,37,2,4
5578db25-e6dd-411f-9e9b-d6748af463b1,9417.41,628,39,0,1
a1536f0b-bb3c-48a3-ba53-d2cb708b79cb,32175.9,641,41,0,1
e4b31305-dbf2-4e86-991d-493bb803c97e,39568.31,769,17,0,2
976a24a0-9945-4a8c-a623-e7c73b343c20,34941.05,757,36,1,3
79143385-26f0-4227-b0c2-beeffff78e56,8951.29,749,58,0,2
b7077cc8-2760-479e-a331-b375fe9b7af4,37656.79,685,18,0,0
271850b5-ddc6-48f0-a1d0-6a009bccac15,20814.22,646,17,0,3
c62d812b-44a2-4fc6-8245-d084bca6b44d,21384.2,695,35,1,2
6ca32614-2b05-4540-9caa-aa0df39c7f00,28229.9,716,42,2,2
89548596-e37f-41f5-a01e-834d8e22a15d,7140.28,700,51,0,2
020aa836-05d2-4d45-abfb-8fd4d1997f86,10754.2,684,70,0,1
43e57333-f87a-4a81-97ae-e1485daaf50b,39023.85,737,17,0,2
4f04b540-ea37-47e0-98aa-31b1d26ec0b2,18285.2,635,37,0,0
bfa1de11-53e0-4aab-be3f-2e0ce3bb6bad,13514.79,686,40,0,3
5c511cc3-8be9-47c5-90f0-8c930d60cc2b,20734.6,728,28,0,3
cf1d5978-e802-4d71-be98-3b905508dffe,17420.63,649,7,0,2
0c981cf8-4706-4c74-ad15-b61e4af0a142,12790.24,673,42,0,4
bc6c630d-2060-47f2-b40b-5b9aa2284bff,19477.91,712,11,0,3
588dd4c1-5a36-4532-950b-76b5e9a56b99,37307.47,710,35,0,0
8fda2b22-9694-4383-b70b-da119dd02073,17699.33,646,32,0,1
3687046e-3596-4592-9792-195cd1afaca9,14401.3,703,12,1,0
3699012d-b090-4af4-b294-7b73746cfc4d,21049.14,721,38,1,1
868bf9bc-9e5c-4ad7-b90f-14f6e32e0932,14506.41,764,45,0,2
a5b0f999-cc6e-416f-b5ec-5641687afc99,7376.56,617,15,1,0
7c3ca046-969f-4c78-a260-177aad6ab9c2,18575.83,730,37,0,0
626565d5-953a-4d7d-8d8b-a1466c0a0cb4,49988.99,556,100,0,2
db86a54e-28ae-47b9-98e2-d3300908f3f7,6380.53,734,47,0,2
2d651261-a588-4ddc-a13e-54f487baf7dd,11403.58,757,39,0,1
7ee48ab9-54f1-4e63-91a8-5d24eb2c5618,36451.21,681,41,2,2
6b68f21f-1f82-4016-9390-72d56700e5bc,15710.92,653,26,1,4
d98a3e14-be34-4832-97e6-d0f26fc3ab95,8247.82,670,31,3,4
889b5460-9ace-4f86-a268-e1738a4fe693,20513.43,838,1,0,0
b6bf998e-406b-42c3-8ab5-9d26b2d0cf0e,14568.69,741,5,1,1
c096ee29-2efa-4a0a-84a0-881173f153d6,37151.2,486,91,0,0
911ac454-8c55-4f29-937a-39dc4c127ee2,16019.0,703,13,0,2
1523e027-4e12-4424-95d1-812aba325223,34261.21,657,40,0,2
82458f18-0201-4f54-bbbc-979b9f147e78,37941.47,656,33,2,1
3738865b-be3d-4928-8f31-55cfdb2c1590,15975.66,702,20,0,3
9348e46d-0967-4640-9959-94631cc645df,22662.3,828,39,1,2
f4b758b5-ad42-455e-9d8c-6ff4c150eb33,15258.9,578,32,0,0
5ba84df3-f82b-4482-9c1a-64cc794eecd9,23258.25,660,42,1,0
9fbe7ee9-fd26-472a-92c5-0fbd728b1915,29758.72,652,28,0,1
7bde1604-87bb-4d1a-abb7-29b0c4efa64d,14687.29,730,42,0,1
4451d939-c2b6-4ffa-b61d-4240838ae72e,10191.81,627,24,1,5
bd42efe4-5d19-44c7-a968-74be472a300d,9360.22,671,20,1,0
f6936800-9411-4e80-a109-8aa702c92772,7589.22,805,36,0,3
2d4f0607-7aab-450d-a93e-2f14846c5f4d,85683.39,431,88,1,3
f725b2d3-7e2b-4602-9db3-bdd39f5a4510,36707.24,827,45,0,3
a6b3814a-35fa-4241-a3bb-a9682669aae1,6093.53,608,22,0,2
690387ba-e846-4221-8f46-e3f86d9b3fbd,7944.46,776,19,0,1
80a811d8-408b-4890-83c3-09310588f130,84830.11,551,86,0,2
d889b29a-d30b-4d47-9878-fce814b30f42,32747.89,644,29,0,2
7f812de5-d35c-482d-bb16-af00f6f85a5a,20347.95,505,14,0,1
ccd2391e-181e-404c-8dff-e7905a12b2cd,10740.16,684,11,0,2
2b7cdec8-8420-4563-b9a8-ae2c086971f6,21494.34,797,8,0,1
ace31621-42d5-4c3e-aa17-c87f9868de0b,20437.71,673,31,1,3
1b63344e-7105-43af-b57b-dee815282a20,35038.76,786,8,1,2
fe2a8a73-48f3-465a-a511-ce57583f6526,27976.82,769,30,1,2
d4f4efaa-2021-4274-b2a1-1409f06e5f8f,98044.47,451,81,0,1
31874c8f-0f8d-427d-8d40-9a3abf30d697,25611.09,711,20,0,4
1f9e1207-bd42-45ab-bc4b-4a26cbfd5ceb,25384.94,704,24,0,0
246b4cb1-47d8-4338-a81f-472dab2b5ec1,7412.33,706,39,0,3
8d06494e-5a9f-4dc6-a834-d5d65ea90bf1,14425.22,795,11,0,3
599e5342-bc80-46ad-b8f0-2bb36bc8c746,16311.86,827,0,1,4
1fd76ea2-c80a-49c8-bfd4-3d1373ceb2fd,10141.15,690,38,0,1
369854b9-a852-49f3-8833-9888323851e0,17238.42,716,20,2,2
3f19c082-0014-4901-8e82-a43ed9ba2a6d,9034.32,687,22,1,1
a1979e51-d13c-4c40-bbba-d04b8a312612,7527.54,664,42,1,1
db9f095e-ef5e-4b47-8aa4-01b057b40ceb,13075.54,721,19,1,1
c3716049-042e-440e-a3a7-27c8e8de1ff3,16392.93,753,34,0,2
e63efa14-3214-4411-97d5-36c08e929177,35679.59,748,39,0,3
9f4ce044-f5d7-4ece-80e0-267714823310,30730.62,650,21,1,3
f18c714f-cfb1-4b8c-9cea-ddc63af581ef,6713.73,744,39,1,1
b33bd24e-6cae-4443-ae0a-37a7c17c150e,37397.33,698,31,1,2
835091a1-800c-4fef-9d50-8d970e546775,7466.89,776,21,2,1
319e6924-2a2e-40b7-b1a2-0ea15f100965,27783.78,732,26,0,2
185a8bb3-28bd-44f0-9c1e-7abfe4fdd4b4,27155.28,686,46,0,2
fe02573d-2589-495c-bbd9-e94ec6d05658,15441.51,749,42,0,4
467b2e7d-680a-4d3b-9b57-63cb01fecfc5,7043.3,778,30,3,1
821a14b2-ed60-4f0e-a266-2aef5e660038,21720.72,740,25,1,3
29ca416e-5922-4368-9d73-254d38eb505e,15645.42,719,28,0,1
ad3146c9-597b-4e48-ad65-b2faaf8fcb45,41741.41,526,83,1,0
cb5a7849-2015-46ff-9c44-a37a58f22f4d,28903.65,650,61,3,1
1e722687-4bb5-41f0-be4b-b85cb2051d0e,25121.65,639,11,1,3
8cdcc1f9-5852-4594-bf5d-61096c819871,59112.72,601,86,0,1
2df8c862-c817-45ee-9e8e-ad63e630b49d,8808.7,737,39,1,1
6516fe82-b989-4f89-90d6-01927f4fe73b,77522.58,519,61,0,3
dbb4b18a-207a-423e-a22d-068d2a526b28,55512.86,525,64,0,1
e657ab07-bce0-4a84-95e3-e6204c92b828,6920.51,758,27,1,5
bfeb73bd-6c0e-4200-b778-a4d74411e741,28621.78,650,25,0,6
69b1978f-7739-4f69-ac48-957f7f80bb65,6388.26,724,21,1,1
03279a26-5519-45ad-a391-b0a0b80b0eee,18453.04,650,33,0,1
011b4196-9bd3-479e-b9fb-9e94d218a431,19693.75,714,22,1,2
4ca16e7e-e577-4214-96f2-a4d7dd73d4b6,9630.46,671,33,2,0
31ffd6e0-f425-4259-8902-a5eaa3a7b37a,17246.62,613,8,0,1
4607439e-1077-4b65-b647-af261263f55f,8407.86,656,26,3,3
999bb136-a8a8-49c9-8771-ce2a4f621956,29736.54,718,52,0,2
6236d026-e9d9-4e87-9d1b-474cf1c55f84,33690.13,751,27,2,1
b146cf65-c169-4c8a-aa16-5fd732bd46b0,21654.6,698,14,0,4
d1b3b801-a820-423a-9871-ff8eb38aa5f6,30129.63,698,25,0,2
6d15cb59-afcd-462f-9f65-3a3cfe3a6cb9,39257.18,542,62,1,3
1589afd7-0dcc-4f3b-bbe0-b2f182fd56ab,58679.52,556,97,0,1
670f6550-019a-4ba7-bcbf-2cab0eceaf07,16195.08,693,36,0,2
6dfadb95-7211-44e6-8e3f-bfe285ff5827,6323.06,741,23,0,1
c5bab313-808d-46b4-8295-40800b99f472,22569.74,713,30,0,1
f9a1c086-1949-4007-a8e5-b773f8de8f2f,39659.9,705,18,1,2
ea3efe36-1be3-44f4-8526-8a332eebb822,8287.88,701,37,1,2
79784681-4d6c-49c3-8688-5f69422c153f,31576.36,787,44,1,2
d2e9ee38-830c-4122-ac42-df199424d1b0,40815.3,670,63,0,1
f0410114-b6ad-4c1b-a785-38f881238522,19033.86,752,32,0,2
9285d4ba-2069-40c8-a91f-69acf2515cae,28037.79,831,17,0,3
058d5025-289a-4a37-885a-485859577218,29106.96,649,21,1,0
58188676-c7cf-4691-9370-52d6ee8ac11f,9755.96,572,22,1,0
91b2649c-6e44-4120-aa59-1a439a03c337,5942.75,654,32,0,1
c33e1d0e-c952-4ad7-9b3a-9dfe84879a75,11496.5,720,58,0,1
603c2a9b-b40a-4874-83e5-d511a65b8793,33873.46,757,21,0,4
75dd9808-e2f6-4d88-857a-734b28294447,36989.97,646,37,1,2
d4c8b136-2a18-4bc8-a680-70e1901269e7,28211.77,620,57,0,3
e3dc35be-9106-486a-a6b6-0e3c29b56b73,19847.05,770,22,1,0
0ded71ee-8ba3-4f99-9707-33fee18682fd,18728.72,597,50,0,3
b2d7e993-8afd-4ff8-a33f-fca763973ffe,35542.01,693,48,1,2
26fc8b33-d8de-416a-b733-00282c6b8473,6627.07,604,21,0,3
80dee351-7a24-44d4-8852-a8b386d0ba15,26162.06,700,30,0,2
fd6ad1f4-4cdb-4284-ae0e-fafb2a3c82d2,22211.65,672,39,1,3
e73ec134-15e1-4d72-818d-4fed6eeda009,17889.09,635,27,1,1
ab383e70-24d7-442e-982d-d1be3fe81920,36114.16,707,37,2,1
9e3420d2-b1ab-4ecb-a124-3dc59436832b,36792.27,742,13,0,1
dec437ad-4811-4638-a6a1-db5736827926,15278.33,607,49,2,2
0a5b9069-f744-4011-820f-6cabd1aaebca,66282.79,543,63,0,2
20136440-ec79-480c-8cd5-f810a4398607,22602.12,793,31,0,0
3e8ff9be-1daa-43ed-a68a-79c7c4e7d20e,14984.88,770,31,1,1
e9dc86f1-2690-4993-9275-1dbdb28fa35f,38306.84,823,56,1,0
ed8cfc72-9735-484a-a0fb-f50894d12043,39551.2,685,44,0,3
47258ceb-671a-41d1-9094-310180094afd,7112.42,738,50,0,1
3dda6727-66e9-465a-bb90-46a4dc82e51c,83772.42,452,85,0,2
7eeba69e-1c03-4229-bc14-3da6451d1d04,35499.68,763,3,0,0
0e2708e0-fbca-403d-812c-8d04ceecf2a4,35907.28,629,0,0,1
40e77b58-2c7f-4195-9131-0bda07ee7751,45301.11,501,85,0,6
b986155b-228a-415e-86cd-8ae126014c41,40566.5,625,76,0,2
a163eb74-fecc-4140-a8ea-b104dfb561b7,17571.8,797,9,0,5
26270036-b3df-4960-af97-cc2c205933bd,7969.04,597,29,0,2
c68ebdfa-e142-4d04-ac42-9ec5aa4f0d09,27373.71,723,29,0,1
50651f5c-ea5b-46cb-8a97-18b50f60c0e5,29066.73,575,28,0,0
107b56b0-75c6-4ce1-a39b-8caca17425ea,23913.43,621,40,0,3
66c6a5f4-6032-406e-bea9-2d86f025ea29,16813.2,721,15,1,5
54f05e11-1239-40a0-bf64-ece78c9d7d85,29561.3,669,14,0,0
217a2d74-7ce1-4769-8a96-854e35869faf,22017.16,696,44,1,2
9e389a6a-afde-402b-82a3-b28a693307c8,15657.89,640,37,0,2
16f22eb3-e030-4723-a1c1-dfb7726b1d5d,34446.17,668,18,1,3
05cbd2ed-fd0c-4670-97ac-24ab480b36e5,6255.7,693,14,1,3
ee36080f-a277-4081-8a38-0d17681fdd3a,39472.93,666,12,0,2
03e5f85b-490e-466c-b9c2-bdb62614114c,6373.27,817,30,1,1
2fa5d6ae-2f9e-42cd-abe4-77e854978d65,23336.94,658,33,0,1
94d75235-5a8c-4ddf-baac-8cda43f91b86,31078.2,693,26,0,1
1608270c-5ff8-4dbd-98d3-f4e866aff3bf,16527.01,736,41,1,2
2e86fbda-132e-47e7-8c3b-1f688b81a7d5,31041.03,668,21,0,4
03e32b8e-d208-4378-9971-7665a12df5a2,16673.36,683,0,1,2
47c6a758-a06e-4844-af63-c83283a642ec,13797.06,609,50,0,0
f687cd4b-e24a-4e5f-9988-57b91adb620d,37760.89,798,26,1,5
7011f122-270d-4552-b86e-3db615dd7031,36898.55,734,34,0,1
d3510edb-8ae6-4c2c-b0fa-58fd4df3bdb0,5349.95,850,46,0,7
208514e5-83c2-43a5-9e89-73c1c2b4924f,24867.33,692,15,1,1
c8a58512-96a7-47d0-b758-c3f4a2569701,24637.1,603,33,0,3
e2816e52-098c-4f01-8e37-3660e1417da8,53040.74,467,53,0,4
ec75551e-e8fc-4360-95cc-69438f0a8f94,32554.64,661,13,0,1
518f946e-87a5-4be2-9bb3-f682f8002279,33608.03,801,43,0,2
3a47da79-724d-48ad-8eb7-182fc1c6a250,25643.14,699,52,0,0
3631271a-6f12-4a09-93ee-3cc4479e2e1a,27948.26,704,17,0,2
6f3b5c5f-b29b-4132-abc3-b6da0ce577bd,45978.58,626,83,0,2
a08b66cb-02b9-4249-9de9-e27aa47af08d,6967.46,637,27,0,1
f30cb08b-f4cf-42f1-9d7b-eea0f1f57aa9,39491.85,647,9,1,2
81ae761c-fd39-4771-9abb-49dd43fa3108,8338.01,755,58,1,1
3d82dfaa-4501-4520-879a-cb5cc13d8da1,5185.6,616,38,1,2
229c057c-82d2-4165-990b-92f86d26c396,7256.17,660,22,1,3
02378f8e-6786-46fb-9c96-892b5016f555,19686.24,664,17,1,3
5f8ad4fe-a38a-419a-ab14-ab300e38e614,23415.16,702,17,1,2
1935476a-433c-4736-94f8-0bf47f0346bd,39182.31,716,29,0,1
c850ddff-87de-41d1-b15b-d64dc80dffa7,87552.98,503,61,1,2
ab4b3c0a-4144-4e60-b77c-2959787099eb,58711.98,479,86,0,3
f8976a03-aed9-478e-ab8f-842c7a2c0407,27224.01,730,15,2,1
4104104e-c6fd-42ad-b79f-61f6c6221111,23226.97,705,41,0,0
826f0686-8a2e-4cd5-89cd-50ee94f7e0c7,31646.1,599,38,0,1
ace86d68-db46-43ed-9581-0fb51d7b8466,11577.61,660,38,0,2
6e792c42-f9f3-4406-b2a4-9f649ada603c,38608.67,654,2,0,5
9b6e7543-09e2-40a9-a3f4-cf7a1e98d03f,10043.92,602,30,0,1
cfb8d90e-a004-45ab-b539-e03bd98ffc47,19850.96,715,16,0,3
2574da5f-3665-4683-978a-bd01fbdada82,28538.33,738,5,0,3
16694571-a7a2-4d19-b6da-f6d7082a2369,29005.97,696,11,1,1
1eab5c36-60f9-4c9d-8254-e6297f7c0d21,62019.61,474,75,0,3
9e91d985-9e1a-4ad3-a577-e055deecbeda,81619.71,459,69,0,1
c8f9eaa2-82cc-4420-8b1e-e168ef0f9ccf,33195.24,760,21,2,4
504d214d-7442-4b10-b3c4-a08b669ae213,31713.9,750,13,1,3
159c45c3-cec1-4c08-9687-11a38ac8e14f,50780.26,557,96,0,3
b56187d1-2d3a-48ea-90ee-a1d58f4747cf,98961.31,346,63,0,1
f04cce9b-f603-40b2-880f-179a36679942,25880.35,734,26,1,4
c9c2f11b-4766-40ec-a3e9-3326f8935c94,11180.38,722,20,0,4
47f1b41f-60c0-45a7-8cd7-f46767de6b58,14743.58,705,27,0,4
9ba00b6a-f7ce-4173-99dc-be0e27916f75,37040.66,770,33,1,1
fc7fa657-c6b0-4ab9-ae80-6c35e0437da4,27723.6,720,23,1,2
807a0653-b37c-4597-9ae6-7ebed56a901f,37306.17,670,23,2,0
4caa04bb-57d2-48a2-93b0-04b8c709d2c5,87499.82,547,68,0,3
a77437bc-4db6-4a3c-8518-ad3af4f469a5,35891.37,717,61,0,4
c6fcefe2-7389-4b4f-bf85-6a5d91abc6cc,21609.65,752,25,1,3
6f068735-4849-4ac1-83e3-05c3a5d1712a,35051.79,772,23,0,1
94112a9b-6660-4658-aff9-0df89d1af83d,21151.66,577,14,0,2
7b33227a-bc32-4641-9950-952e5cb8dd04,36210.84,587,24,1,3
bf741b20-b2c1-4c2b-8f87-720be291f003,34617.14,701,55,1,2
65be6230-8073-4f42-802e-9dba15b9229c,8992.42,719,26,0,3
5e4f498c-74c8-4e2b-aa24-34184abcdfb4,35153.82,749,0,0,4
78896b69-5253-47fc-908b-4bbafc0c1dc3,13161.14,714,41,0,0
e62066ce-b055-4e70-b696-f5fc483edc63,30523.59,611,47,0,1
bb600989-497a-4e57-bdc7-ed1403d05b3f,31323.2,720,23,0,1
8e4cf577-2658-4ded-8346-a2ee704c2766,36602.49,737,64,1,3
217cd1ff-f339-4dbf-91ea-4ca63afb0613,13725.17,710,33,0,1
d9075382-870a-419c-85cf-968a6f02ddd9,38452.92,672,17,1,3
99f8ed55-3e0c-434c-8dac-a60831adbf06,36264.14,749,17,0,1
5c5737fa-271b-42b1-8ef6-72606ceb47bf,8949.09,704,22,1,0
30b5af40-1046-4e83-b4f2-8d3a7743042e,17323.1,728,35,0,3
d8789371-f3cf-4f9d-a92b-2a80ea590672,24230.59,762,22,0,3
d67c8c56-0a77-4401-af0c-ba9c6b651bf1,7776.69,683,15,1,4
49d58693-3fd1-4def-bf50-e6875ba2936d,13756.46,673,35,0,4
f1381299-391c-4564-b2c8-d21e5893df53,23395.97,745,16,0,2
188d7a13-8e33-4e33-a13c-cd9342f9a221,7068.98,752,50,0,2
1b533cdb-7b76-4e90-8c8a-82ccb18b20d6,13796.3,724,58,1,3
82527cf5-2c46-4c3f-ad31-48ca93a8c809,29835.85,653,11,0,0
572c4ed9-c32a-4ac7-a5fe-57ec7be210a4,30387.75,593,52,0,2
ef19b3d6-a1e6-423a-9173-82e77f71302f,16557.1,739,29,1,1
87e7245f-95ed-4f74-ba30-0022ec2e05a9,16751.47,716,13,1,3
60f6437e-c5f1-4171-b952-3a199b888ab7,15598.52,846,31,1,5
a67e45ef-2085-4708-a3e5-04207cc32a6a,18681.3,706,40,0,0
57b071fd-18df-411f-899e-a3e2128cc238,22274.31,728,33,1,0
78d6849e-17f0-4910-9dcd-2c6c16f845dc,19631.95,652,37,0,2
bc193eb5-41d7-48ed-a11b-b504c6bd235c,15046.71,812,50,0,2
c9d38cea-047b-4c53-833a-5e0214c52545,31087.59,795,22,0,0
639d4e83-939c-4fd9-9ae9-6be1d58b9b52,10111.65,640,28,1,2
8583bbc6-9237-4231-b0b9-cceda6459b9a,33557.56,703,46,0,2
f636d85e-9766-423a-83ce-acb8a8d6fca1,22296.3,598,52,1,1
4f60ffb3-bfc5-43ea-b08f-e411e19719b6,14463.75,690,23,0,3
989a954a-8471-4d66-bb7c-7e196beaf07f,5922.24,639,5,0,2
9e22630d-7682-4a2e-98e6-41d29b94555e,16256.09,749,31,0,1
ee0ba36a-3675-4178-89b1-c7c3c951efb8,34375.7,622,10,0,1
a976635c-6002-4231-b330-2468b48e7e2e,25647.98,679,55,1,2
eafe2c8e-a77c-42d8-a354-abdb13971036,35846.21,684,7,0,3
b46d55ea-a9ec-422c-b4e5-4d1d2d81fd9f,15488.83,685,25,0,3
9f94ae27-a91d-4f9b-86ba-ce124567fe9b,25087.97,538,29,0,3
e354e166-f088-42f7-ae43-1b28fe74b854,39653.02,686,40,2,3
3e95ac19-81d6-424c-a9f6-42c8c72d8b01,7862.3,810,46,1,0
22a291b0-2aa8-4ef6-bb52-5b15223679f7,30163.95,683,13,0,3
9453beee-eeb1-4d52-98c7-4699aa98ba72,11970.15,850,30,0,0
7534326a-b4ba-4283-a319-b7fd6bda172f,8037.48,700,29,2,2
df128f3c-4af7-4146-812f-155a64efec8e,31839.12,711,27,0,2
de6315f5-40cf-4b09-b88e-e1049e2d4d28,23354.89,665,21,0,2
9f3c97f7-3aea-452c-8f52-3d8728f2549c,39735.38,698,21,0,2
180f92a3-11e1-429a-9ab3-76966b411f34,38736.93,657,31,1,1
0e199178-8973-43f8-9ed4-748aec394d84,25373.13,684,52,1,2
cff4a5ee-d7cd-4ab0-9ff3-507dd7c9cc5b,70401.13,334,91,0,4
b7828b9a-142c-4c8d-8f80-a1bfafc05365,43315.39,607,43,0,5
4f859cba-3b42-4182-a98b-49a94c7dac72,5651.95,679,24,1,1
75722dd4-31b1-46b3-a322-f7e9f33c3ff9,7235.06,615,18,2,0
9b8f99fc-286f-4a1a-81f4-71c94724627f,6051.68,633,56,2,1
efb0fd38-7763-4f4b-ab3c-883451982589,20197.15,756,49,0,3
ae2573ff-9e31-4e44-8e18-9c3c81e77622,17804.7,743,13,1,6
72bdcd61-f24e-48dd-a5d9-8dd515aefdb6,22303.92,668,37,0,0
8e867665-8e16-4496-b818-a1a57424e939,25993.43,626,40,1,3
4666b261-26cd-48fe-8f10-068f49144ef6,23422.54,685,24,1,3
a1cf3b54-cad2-449f-9600-0f4b3e7a8dad,32156.59,742,36,0,1
251456f4-e6b2-4b5c-8206-7ba203413242,6117.21,678,47,1,2
dfe22835-f658-46ea-b77f-a209b47175be,38989.68,635,39,0,1
513fdf7b-4c61-4e87-811a-87cf360d2372,13990.72,735,25,2,2
83c17efc-aaf5-46ca-b34a-e9eafeac2572,31954.35,719,11,0,4
2da32669-8939-4aea-9149-1888c9dc6c18,36052.72,755,27,0,2
90a60ed3-6204-4d18-b871-379ba264daf0,26601.7,668,45,1,4
5a30170d-54bb-4a06-8c60-8e27166ea11a,78710.21,470,53,0,0
89b9a027-165f-4597-a462-70ceeaa89b8b,84144.46,411,84,0,0
c77c5ccc-eba6-48c6-93d2-305e74ad0947,25959.25,623,56,1,1
e78f2304-c038-4f6a-bfa0-fbf24ab55d30,27608.02,575,55,0,2
882270ff-d519-4e56-8fa6-f1a846667c93,20270.75,712,28,0,1
e3f271be-5179-4bf8-8e6a-8fbc65997589,16984.56,667,35,1,1
73a2b540-e7a5-4475-a84a-0c2c42fd8448,80216.75,517,91,0,1
46206992-da78-4e5d-a20b-81d3e34f4117,19430.95,706,32,1,0
decaea2f-9495-4193-a712-7781c8283636,31791.65,678,29,0,7
7daef4b7-961b-468c-8302-46054b2d1077,14644.73,718,4,0,3
66fb7f4f-5240-4b94-a681-93b74b7ae0d7,27318.98,619,41,0,1
82542042-f19a-4520-9743-6ee3957854a3,20714.99,710,27,0,0
8245eba7-91ba-4bb3-937f-5cd25fc382fd,37699.77,701,35,0,0
f2a7c4f5-a5b3-49ad-bd89-8121095bb753,5527.06,667,18,0,2
5cc773c2-dc41-4155-8fb7-94d628abda8f,14374.4,711,15,0,1
aeb694bf-9da5-4710-a9ec-b008d4efe0af,25955.18,724,4,0,2
b6e0f4e7-baad-41ef-a92d-025583fee650,32594.6,761,37,0,3
53180d2f-339e-4cc7-a23f-d3ae224afd3b,30780.95,537,89,0,2
93893223-e2db-4cac-9a37-5cca3a69acf5,11859.97,799,45,0,1
ed766cfd-7c7c-4a05-9240-e96dfd57e05e,15231.88,589,10,1,1
8826fc18-6e7b-4520-8cf7-9011f1b5281d,28796.41,662,30,0,1
45c48225-05ef-43cf-8294-71987a68766b,31018.2,731,19,0,3
0dd5e404-0e0d-4568-9ce1-cd98f065de5b,33464.35,711,18,1,0
0a1ef6c0-7352-4732-babd-a6f492b81c16,6166.73,663,8,0,3
fadd3f30-d02d-4d1b-9e00-bb16864bb14c,22903.61,644,9,0,1
7402374c-3999-453d-b2c7-88a13a09765b,7171.99,641,45,0,3
c17b19b6-7ba5-4f22-a38e-2dd445b3755a,11064.39,643,69,1,2
349f0986-374b-43f0-82b4-eb2c16ce4f38,15250.7,729,32,2,1
6692cb2e-87c1-4ee2-8eed-ccea6f353064,19809.74,648,40,0,2
c4059e62-0d30-4c82-b6d2-c5974d7e1263,20811.27,665,31,0,1
6792aeb9-b363-4ae2-865e-fe9f1f6643e2,34663.55,850,28,1,6
15d6da97-f92e-46f9-a350-ace1d67d4595,86311.88,600,64,0,2
fe064571-e305-47f7-8fb0-44e353f8a05d,29419.5,697,56,0,2
c154ccdd-8aad-4a13-8d24-51590b5817e9,29628.68,662,57,0,5
5f000855-5466-4f7e-b88b-77a6b09b466a,20893.18,742,21,0,1
83652074-0af4-4783-a15a-b038a03869e1,11727.77,737,44,0,4
ea308ee0-7f21-4f3d-a8d6-d5628ef9e9cc,30144.87,737,6,0,1
af71a1b8-7e6a-4579-8072-24aa304b47ba,33029.11,656,26,0,3
b8fa75d2-52fc-4bb7-8665-ebde9ce3eb36,8091.35,695,39,0,4
4009e231-5e2b-4f6d-8643-d8e4cee0fdb9,14473.98,710,9,0,1
6b62d502-aabf-4106-b26c-a4eba8d4bb99,34979.81,722,39,0,5
29572904-8895-41c6-b8f5-2a2c324575e4,26399.92,733,46,0,2
42c8d0f0-93c1-4595-9b3d-f7c0c1090908,9993.97,750,36,0,1
2becdfe8-1c45-48bf-ad26-584beb27bd4d,17854.11,695,5,0,2
2b40f5ae-f1c4-4121-a61e-941d979192ae,49766.97,550,78,0,4
3e240663-12fb-42ac-b433-c084ae579569,34390.12,716,10,0,1
d61833d7-632a-4561-942d-a9ece15087fb,18824.24,635,45,1,0
ae73bb9e-b46c-4512-abbc-54df9693aab4,37613.62,697,40,0,5
0d525d5e-46c0-4e9f-a8e9-d88fb35076d4,34637.54,701,30,0,3
4286f9ce-e4ae-4bff-9ec4-a2db04caa078,22619.61,756,22,0,3
cc85939a-9df9-43eb-9781-a86947b2c02b,12198.66,705,23,2,1
12db257b-f7f1-43cf-99bb-33beb5cfe9c3,21298.15,673,25,0,1
38577cc9-b5e4-40a0-85fc-c3efba532f01,23039.39,713,22,0,3
89d5c838-8863-4648-9b70-701615964e04,23908.71,775,16,0,1
66163a01-8783-4e2f-b9a0-20675f4ac6b7,35439.24,688,23,0,2
5189ecd4-ecaf-4867-85e4-795460daf471,32246.71,786,32,0,2
6af7b056-5e02-4907-a921-53be9750bd7a,21621.36,761,7,0,2
03200e17-a5ab-48b8-a2f3-b6040f0a729a,34809.9,716,43,0,1
43ab638a-0372-472f-bd49-bc5d05393a74,18035.94,704,45,0,6
3b84072a-3c39-45cb-868f-7fffff4a1955,28313.01,668,51,1,5
65cbb4d7-f3e6-47e2-9308-cd58ecc0124e,56724.37,680,69,0,2
ad008abf-9123-4fea-a532-a4e8d12af0dd,19811.85,673,51,0,1
3c5f88eb-c240-483c-a9d1-ff76320afe86,11337.67,794,22,1,2
7da90994-aac2-45ac-8239-65b58da2dd62,24110.16,674,25,0,4
cfcfc587-53e8-40f0-bc4c-bf0ec490be1c,19888.52,619,16,1,1
6475cc9f-ebd4-471d-a6ba-90fd97869a5b,5350.51,639,18,0,2
22157b60-22e8-4ab5-a8ee-398aaf67e622,36304.58,697,33,0,1
48b090bd-48a8-4c9d-8911-fe908a3b1b06,17430.79,793,15,0,1
1f7711b2-b845-4c8c-b0b0-e589fa8db41c,20888.58,759,26,2,1
85a70321-0774-4b17-8935-1eb771972958,28012.2,697,40,1,1
d8debe6a-2e8a-4c34-8c9e-de06ef3e1b18,37358.99,632,35,1,1
e1b06c3a-af06-4baf-899e-9e6a89689a12,50021.2,531,82,1,3
b065b3b3-4062-4f1b-9d6d-76b70030941a,21382.89,717,66,0,3
8a852182-49b0-4e4d-ac24-2db34173f568,39409.98,661,22,1,0
9424ff52-28b1-4b5a-97c3-e2aa95200c9e,24146.25,662,21,0,1
57935dad-eb8e-451f-8fc2-0c93a0bb95ea,10627.35,661,47,0,5
ae49076b-9da1-41c7-b264-624a3becf56f,30794.07,785,21,0,4
1eff9117-2314-4336-8a0e-6e8fac7cb20f,15127.2,650,37,1,2
d24cb409-bbdc-47ab-8ba4-2be7e5e34997,66392.1,481,84,0,1
0f6d76eb-2f0e-4c07-80fc-d133bc1682e8,33772.2,712,7,1,5
4784fb06-a308-46df-bbe2-2a6e490f1087,20783.37,792,56,0,2
a615cf8e-8ec1-4075-9c05-62bd8e9deaf0,29375.55,663,24,0,2
ba96eac4-11cb-487d-8bc1-3c725bd2df4e,18658.58,717,35,0,2
839492e8-e2dd-4f24-bd33-12b05b3ff365,20563.16,739,60,2,4
c2ba6b69-68b5-4a76-aa2d-e981d8585b80,10519.6,689,18,0,1
d95b8827-21be-4b0d-9ddf-022bf7d70944,7003.7,617,19,2,2
e7f2a655-efa3-49bd-8a28-3f08bd7d01aa,30371.39,698,56,0,4
5405e065-9c17-4ae6-8c3e-923f78b18e16,25562.96,668,33,1,5
ff6e7933-4cf3-459c-af74-44b2d0db9a73,34397.91,518,92,0,4
3501bf2f-75d3-48db-9c5a-971e130fb4a3,33730.22,850,22,0,2
c7d0e6c0-c6ab-4700-88c0-45f94448f90e,18683.24,670,45,1,1
b45be197-7813-48f1-89cc-5624d761b1ae,39950.47,740,57,1,0
2f99fc56-e4f3-4146-b72f-49d47fb82908,20974.03,735,24,2,4
72d1d785-bf9e-4d6f-8cf2-1d607942c7a8,14833.93,735,46,0,2
ce220d43-a169-47ef-b2e0-1e10fd2f2991,15492.3,749,37,1,4
3a8365aa-c231-4d3c-9362-e9c6a937a314,36626.05,764,47,0,2
e1eae344-b963-4af1-b273-3d3fbffd37de,24616.67,782,39,1,1
8793c98f-c4a2-4bda-bdfb-f598d1ee7574,10522.92,689,32,0,3
caadb756-ee58-4cb1-92f6-44dc60f67ddc,34529.36,772,17,0,0
4a7f40e1-d66d-4686-af8b-12dd0f4d3132,32284.11,722,24,0,1
4563c776-8897-41be-a8b9-d5d6356d7256,26409.31,701,49,0,2
e7a2822d-eaba-4913-9b56-9dd29295b271,20463.7,711,30,0,0
cf19082d-d1f3-40dc-90be-1f250ab337df,37330.29,424,86,2,3
1940ec64-fa08-4b18-abd2-4cfafbac501b,36998.14,738,62,0,2
c0b7b827-7961-499d-b4ed-bacecca15540,17772.76,681,33,0,4
c9a2526a-6dfd-41ca-8642-6dd0bf3397df,17733.59,714,53,0,6
2d7121ec-dcb6-435a-b947-78a84bf9c01f,30170.44,694,34,1,2
f48da8ce-f8ec-4b6a-8be1-d98e2db8ce53,21631.04,736,32,1,0
7a2418c5-b24b-41c0-8f51-1395ca9bc66e,22139.77,673,32,1,2
bff3a566-8cf2-4f11-add5-49f5ab467230,38982.73,595,59,1,2
b92fbaf4-16aa-4f8a-bb84-90cb57e7eb5a,18309.66,707,19,0,1
d5ba44ae-f2df-4ac2-b5ab-4cc68d06b3b7,6962.39,771,7,0,3
0991ac0e-17b0-43ec-9dd7-d7cd6eb326ba,6417.73,666,35,0,1
c835f6c1-21f5-41f0-9140-ea13d4f739b6,37645.16,793,29,0,0
224e392f-9cd8-4451-9d22-ef4a186eb4b7,22675.56,666,58,0,5
b1d731ba-b7e6-4856-8b79-683749436c23,11041.38,613,0,0,3
aed819e6-5b35-4f87-a940-88c9e824c2e1,25148.62,726,22,1,1
ea0da5a8-0c23-4b31-af6f-324fbffb8f6f,35748.1,638,40,0,2
56d47b7e-7382-427d-8f59-21bd6a0fd5a7,35636.79,714,21,0,2
9e68d100-f7cd-4539-8a2c-9396b9f380e3,28424.43,623,43,0,3
8860d633-2202-473f-a669-d53205fa8d2d,83780.78,565,73,0,2
b503af71-9f9c-4943-ba6f-6bf6ff2f1e2d,9865.73,810,13,1,3
f79b6cf8-d536-482a-8c67-6ebf1a3dd0ac,17568.97,608,19,0,0
3d1b7fa8-4edb-4970-96f1-0909088560c6,28223.58,697,33,1,1
ce0bf65d-d280-4ad1-912f-61330de1fd73,13265.67,685,35,0,0
131ca6aa-7fff-4294-adb2-cca429e0bade,48482.86,432,96,0,0
54a60421-3629-4018-9b1f-83499d2f2e99,18804.65,695,46,1,1
39d083cc-87a9-49f5-bfdd-47961f47b3f3,24274.91,720,36,1,2
bbb0e967-a3b7-458c-b4de-452d23191bd1,17072.73,734,36,1,0
1b4b7fc6-758e-4bb7-83f6-136a5a1792b4,5715.53,738,49,0,3
41dbd70e-49a1-4e1f-b082-ad220f932c6c,11114.15,711,40,0,2
7d402308-21b7-4c21-a095-fff76d1c12b3,16738.97,694,51,0,3
fbc28d9c-e63a-43a5-b13c-09c26beea96c,81018.03,472,100,1,0
2a432e00-9658-4e39-9b3e-2d4d351f9cfa,99796.75,517,53,0,2
95b8edf1-1c2d-4b36-a569-bd8ace1c7b4e,26286.66,707,19,0,3
0cf2f18c-4cd0-4da3-a410-b1101deca9a9,32645.59,750,20,0,1
39ca37b4-242e-4b95-a71c-98bcd84de2d7,30719.42,673,1,0,3
fa5327fc-81e6-4e15-943b-7f2a548147dc,31213.8,672,0,0,0
2caad642-5fdf-4e07-890a-fa2e26a6993b,19581.74,604,41,1,3
43d3feaf-e8bc-43e9-b6f0-3ea70edab7a5,13755.09,747,36,0,3
3601e5b7-1dc9-47cb-b093-467e2204eded,28011.01,641,29,1,4
5e0d74e3-133d-443b-b645-286e92c9e37a,20039.88,699,12,0,1
352baa4a-5b4f-427e-b5c2-baa38b3c1e72,24267.31,790,43,2,5
80680795-7e6b-47d8-94f5-6f537710af16,68465.54,504,75,0,2
7e0d5ab4-c74c-49d4-bc6e-0c358f9cae28,47967.59,534,44,0,2
9144ea89-6402-4831-9a4f-400c3a8aebb5,27148.53,685,19,0,2
a5f7015c-b5a2-4891-888f-31d54b8dd03f,18749.6,639,25,0,1
c1e39c8a-1386-476e-b341-a0bba0a85cde,43250.02,645,84,0,4
0201b232-65bf-4761-aa4e-838feb0b6e87,36182.35,665,38,0,1
6400b18c-ed05-4b96-8fa0-6c8513078851,14823.13,783,43,0,0
0ac0b82c-7455-4b2f-8a90-c43e05c2fb47,33539.16,703,20,0,3
256ac548-8c09-470b-a745-61cf4d4960e2,7291.65,741,35,0,2
84aa87e1-03e8-44ba-9881-318fa2836999,8199.12,753,39,0,3
b47978c3-d2b8-4a24-8386-46902d233652,34404.93,762,21,0,1
09b6bede-8969-4412-b250-145e98ab393c,37935.39,779,32,0,1
27695619-a95d-4838-ae5b-9abbdf0a41dc,35264.29,824,19,0,2
01f4f048-ccfb-4745-8f61-a36357ef4ca1,84427.69,641,77,0,2
511581a1-c202-434f-b76c-c532e2400c7d,24183.76,660,22,1,2
99c61412-808d-445f-994a-34ff3fefb76b,13963.79,680,36,1,1
56ca9074-4f25-4303-a206-842f5ed8d3e5,37747.47,731,21,1,2
a054e705-263d-4258-8caf-436bc90f59d2,39313.3,698,62,2,2
9be72ede-dd27-4005-94a0-194f3b025eb4,24980.67,803,36,0,0
ff518dde-9fed-463a-968f-5c4adb203e60,41643.8,522,76,0,1
411c33a7-b93e-4cbf-9fd5-80311d77302e,33111.6,736,14,0,3
d4abf7c8-a7ad-4290-ab15-b6c5293fdb8c,9342.71,684,4,1,2
8fa2b1f2-6239-45d2-84f5-4233ad63d883,28736.58,723,39,0,3
c697f1d2-f4e6-4d51-9fd2-ea65c425d523,23234.0,671,53,1,1
4b7ca458-2768-4f15-bd86-688dbbe63e41,21918.59,626,8,0,1
bcb01ea0-5e14-4b67-b155-4f8258a45a09,36681.63,535,90,0,0
523a81d3-9ea8-43c9-a4be-6aa4ae7a89b2,7011.53,801,23,1,2
c27826af-5423-48b0-9669-2c46ad0aa0b6,11077.64,764,29,0,0
8ebe0080-abad-4ad6-a472-32860fc2f67c,85932.14,507,88,0,1
94ebf40a-37fb-4264-b32e-bb895167cae9,6366.08,739,6,1,3
28ec47a1-e73e-404b-af59-4fba2d075e50,38024.93,788,50,0,2
e989afa2-f49c-4928-b688-c91457a001a7,6392.0,662,35,1,2
08762260-9f40-4234-9cc5-f2c18ab2da53,6166.6,729,33,0,3
be21b7b3-3c31-445d-824c-bb9c860fc72f,38244.45,666,19,0,4
732fd606-0642-4e65-a35c-68bec84b64a3,5669.0,698,47,1,1
0f8fc4b3-35ec-4434-8c1a-81da334b4804,28311.63,732,24,0,3
b5bdb3dc-8c2a-466f-a6f2-e81c6d7ebc4e,17375.56,746,0,0,4
b9a80465-bd50-4fd5-8838-7b5d25219d3c,10659.41,768,3,0,5
06e7a32f-87aa-4ee4-9698-099b41e526f7,38606.62,678,13,0,1
562009a2-0ca8-4e41-8734-927d8eefb573,38550.68,622,47,1,1
563b1d22-26d9-4f5c-b7e6-550f32b64576,26170.75,671,35,0,4
a259723a-d879-4d51-acc0-fbcd8db8c03e,16991.85,697,37,1,4
49997ce3-d4ba-49b5-b856-8ece1e4f4554,11051.58,704,10,0,2
592f31be-2deb-4964-9894-a8f5b4f259b6,34290.45,759,22,0,1
f7cb4d02-cf1d-4e5f-9a03-13df3a93d19a,26767.94,606,23,0,0
326657d2-a021-4c34-9794-abb995ead9b9,10565.49,790,42,0,2
bbcfb478-5b4a-4b2d-9b3e-81b2077499d5,36330.1,679,24,1,1
6685a469-037b-43a2-9430-24167e8a0a4b,7975.91,680,61,0,1
be9dcdcf-71e3-43a9-ad38-83506f466300,37321.69,722,36,0,2
4f846539-32ba-456e-bd42-7f92c04826b2,32935.58,761,33,0,3
c656eb5e-ebb6-44a3-b7d1-e5dc07e8c599,74355.78,501,72,0,7
82a38ffc-6c31-4f72-b287-623990570d28,29401.38,695,29,1,2
2bfdd104-4fc2-4226-951a-bf916dfa1448,42249.23,570,75,0,4
8d202790-2b53-47a7-bd20-df7e3fe329c0,6635.31,743,28,0,2
9abfd52f-316c-41fb-92a0-94ef1bdcb3fc,32222.09,704,0,0,2
f43bfa4a-9f20-4a5d-be15-fbf9eacbf542,15912.26,754,35,0,1
2fc70587-0818-4b71-a252-2737b26b2c3e,56681.03,589,31,0,1
b6a93b3a-47a3-4e32-a008-f9f11a4c1401,19082.37,825,27,0,5
52f7d828-63d5-4bec-ab4f-797b2e343428,36605.52,766,14,0,1
fac96449-44b0-4e43-adef-60ae07bc649b,83810.2,562,59,0,1
011ea269-7e43-4f55-af79-3f661d41c62c,7249.57,662,58,1,3
eca219b1-e1c2-426e-9754-ed6a35fb4d8a,30590.16,688,33,0,1
5d02fa3f-ef02-4c2c-b5c4-3e07ce4f80fc,24706.66,752,37,1,2
ec9853b2-fe06-4b2f-aa6b-9292ebb9c935,15547.65,709,35,2,3
757d8781-9bb7-4486-827e-b7fbde4d4722,13820.3,844,29,0,1
5cb5cf68-493f-4ba3-9263-798a30a882ee,25424.74,712,45,1,3
2331ac8d-92cf-49cb-9d6e-fe7183d3f817,15919.44,766,47,2,1
bc02cc2a-d5f7-4fce-9c19-66488f9d547c,34072.34,738,12,0,1
6fa20be1-6f7f-4cf3-a0e6-e5b4e8414218,87360.48,634,57,0,1
8299039e-4dd9-44ce-8228-ef57792213b3,50236.99,541,63,0,0
48b8ecd6-66c7-4cb9-bfbe-fb80e77c7553,19919.67,696,34,0,2
4157b4e6-9b3c-4d20-a186-438e586048da,11929.08,719,36,0,3
33c39a9b-5ae3-49f1-b6f6-b38da14b9740,37613.65,796,36,1,0
13a95a8a-df4a-4db2-a7dd-bcbb05f346a0,37451.15,685,44,0,0
20e98c50-d5ab-4a66-afd9-7a81d9f2076c,19971.12,771,11,0,0
0aceb5ab-197c-42d7-9cbb-2fe36cb1dc74,6106.76,735,40,0,5
87f3cc16-7825-483f-ae5f-0813806ad7bf,39310.91,682,50,0,3
602caf5a-308b-47ef-a34e-b3a5bc48843f,5411.24,690,31,0,2
70cd5a1e-8452-419b-a198-f26e726a3628,33695.44,689,30,1,2
35448eda-8fe2-41b1-a1f8-0e4bf8f25c27,38130.4,634,8,1,0
a6abdb93-cd42-46df-a094-dd7548ef85de,18765.41,795,17,0,2
1f8b1faf-8cb9-4cec-a259-44d184ebcb73,12874.93,640,0,0,3
6b791074-ce15-4ee9-8d2f-0e506e71320a,37050.96,661,10,1,8
7091b5e3-af35-4ad5-93b8-08da4cb24658,11068.28,798,45,0,1
72e60374-a754-4fbe-a3a7-e31a483672e0,34400.71,658,63,0,3
91ca4ffb-bddb-40eb-a04d-14a814632ce0,16914.77,758,25,2,1
374e548f-f794-47c4-ab8a-2340b0d94d0f,36832.71,550,64,0,0
e1c52811-3db3-444a-b0ee-5c05a940c864,20915.32,616,5,0,2
c5329529-a835-4a58-8b1b-cf4f375cb87c,14763.84,761,66,0,3
1c6efbda-3110-4c56-863b-22bed5bb0932,33004.79,783,38,0,4
2b09daad-d8ca-43f9-970f-20fe1d50b61a,38629.24,561,87,0,2
62798ccf-5a10-4f32-bc26-c73ad3f7711f,19998.27,745,34,1,4
dd718d3c-1112-4a87-a19c-07b67b1c45fe,31963.68,706,29,0,2
34e76ed3-0764-4417-8418-08e457829b95,10734.61,654,25,0,4
38aa1a3e-1f7c-410a-8493-6bc969f94537,6331.89,598,28,0,3
3951ad44-9a91-449e-b841-fff0a0073ae1,14137.83,640,13,0,2
bb081713-72f1-491f-9537-c6feef3b06c0,14359.89,710,50,1,1
f2279ef0-e4a7-4ea9-b8b6-c322329d8793,18731.75,755,6,1,2
c42f4a8d-fe18-4e31-8b03-f9e240afe998,20125.45,640,44,0,5
e60a86be-fe3d-43f1-b4cb-6d8b7fe49a8d,12100.37,641,26,0,4
4cb5eae9-a895-48e4-b558-f01466141380,43375.55,558,60,0,0
6500b59d-6587-4444-81bb-526d2abadd78,67534.35,527,54,1,1
8c8ee183-d225-475e-8064-95c21bb0d7bf,31580.88,663,34,1,4
41b29d3a-057d-4cde-a547-67b9a47eb30d,39546.6,604,36,1,2
123a86ab-d2d6-4fbd-b7fc-90493c97fcef,34385.93,698,38,0,2
8ce66232-2255-4e8c-a7ab-e19ae346264d,15322.66,713,50,0,0
94904cb4-6be9-4686-aba6-11061108e126,8491.65,707,23,0,1
6f216780-a95d-471a-8368-fcc35ce45cbb,31486.72,707,38,0,1
38753eee-63ba-4c18-ac97-3b07d4e8e006,30718.69,523,75,0,1
88314494-bcae-4804-a558-4d5d077a5b51,99259.1,470,65,0,1
ee44059f-f6a4-4390-8efe-f68b9c2d9eee,22074.18,615,56,1,4
9fed97b9-969c-4f1c-bb91-4b506f223a19,20491.34,625,19,0,0
6ebfc25f-b9df-46bc-9cf7-17d6098eb3df,25243.39,656,43,1,2
a9de183b-5226-4a8b-a3bc-d2bff0957e6e,24095.37,682,48,0,1
1df3b26b-5129-4aa1-a474-8996fbbb411d,10067.06,659,34,1,0
4384f534-dd62-461c-8e8d-fe234d83569a,37482.18,649,62,0,1
47b4420b-1070-4fc2-a2d9-dd326fe43e9f,6679.0,628,34,2,2
1e929531-913c-4f1f-9e70-c807fec718e5,33363.58,738,36,0,1
2d94790a-3d3b-4f07-b65b-23bb57e43101,34069.8,688,28,0,3
f0bc2d12-abd9-4798-a8ee-4e4e759166c3,24472.59,702,27,0,2
170958b3-088e-409e-9a35-3337c10a7eb4,30150.33,757,63,2,2
8cf72916-48b7-4737-a69b-2e3c43e8f53a,35119.55,666,9,0,2
f9fff48b-5040-466a-aa37-2dd8b3e2104e,27196.96,694,68,1,0
748c843c-a51d-4284-8897-436306d2b276,26991.72,651,54,1,0
e8be0e50-180a-4fe9-a417-df891cdc285a,17608.14,800,21,1,0
db8ff9a1-61f4-4469-8d80-3cb82f0de856,19458.58,734,54,0,2
26e7a44a-7f6e-450a-ab83-80fd8e354455,7086.52,677,26,0,1
8351750c-093d-4a3f-9a08-17bac60b60eb,28938.85,665,14,0,1
ce91967f-f574-48a6-8897-251f90f540a9,30451.41,661,11,0,4
bc3041c0-da24-4939-bb35-70652afe379e,21939.36,702,18,0,0
1b9d66de-e628-4a53-8918-25a910cd25cc,24744.35,714,6,0,1
7bbad166-a8fb-419b-9602-c64075116b0e,18966.8,719,42,0,2
ae774ee1-57a1-4633-ba4a-2023b33f9271,22080.33,580,35,0,3
f81674fe-95cd-45ca-84de-1454b111e42a,9231.85,773,11,2,3
f20807d6-d553-4f01-aa50-b8b00cb2cfc8,35128.35,800,36,1,3
bb2cd64d-5175-4525-8807-9e368b46e618,27430.43,657,29,0,2
f90b4c2e-a177-4859-9573-58f9b9a0af87,31532.38,733,31,0,1
bc021528-5835-4688-8d28-181800338f0a,18686.79,732,16,0,0
09fc069b-6731-4449-a4ca-7cf11e86f7f9,7048.76,710,8,0,0
b6b1322f-eef3-4473-a84e-8dc8fffc1baa,93260.0,512,61,1,2
b5c16790-9113-42a2-b05e-12a56ce86e60,14007.81,655,48,1,0
f43218af-3088-41e5-ba51-a8eda4d0d02f,73060.25,596,84,0,4
50a7c794-27e8-4161-9ceb-8099015c1653,34237.34,443,70,0,3
3dc12926-5067-4ed8-b22f-f8b8ce29232c,34291.95,772,32,0,2
38ecab86-42ea-4d09-b578-7db849b1df23,34828.33,839,35,0,3
9bdec094-c2d4-4a5a-a20b-bff2e0ec853e,35208.5,711,25,1,1
abb720b6-898e-4853-895e-431d26f37dfb,76861.58,529,72,1,1
5dc40dee-70f9-4eb6-883c-84d104eb3606,37082.63,742,44,1,1
9faab53e-69cf-419b-ab9b-1a1779612a87,9873.33,652,10,0,1
1cf56946-7cc4-4d14-ade7-cd8132ba994b,24382.67,589,37,0,0
c916428d-6f45-4b11-b0a1-7c8eacc8b59f,14384.55,633,0,0,0
f2985f6c-86dc-4894-86aa-92373d5e5777,21338.47,723,67,1,3
f6bc4c9e-9660-4cff-8fc1-107f6760ca10,23986.95,699,42,0,2
b4c76553-ece5-4078-b0fa-f20d19627569,7191.81,704,28,0,4
091b5c4b-6947-48b4-8017-41f99d753f89,39032.99,755,25,0,1
8361eda0-ed71-4d5d-8841-160c0a8fecfb,22985.62,716,34,1,3
72a60d9b-6754-458a-beb3-21aa8ffd7b6d,19734.71,659,44,0,1
e31299dc-7208-481a-a8ea-d80de8fa543a,30465.7,689,18,0,4
1535c818-af82-4dcc-a25b-aa5ee839788b,28214.46,732,16,0,2
50b877e5-41ec-4304-a626-6deebab3fa5a,37498.52,701,29,0,1
8fcb5d02-f7b9-498a-a264-282f6d55a931,11970.17,765,37,0,1
59992567-3f84-4b1d-94bc-ac6593dc4219,38053.07,698,42,0,4
463d1c80-71a7-4739-b9cf-1579ae88e5d3,30593.97,783,38,0,3
750302ee-b5a8-491a-b52d-f331a8e563ef,12948.93,700,10,0,2
a7c7b16a-77ac-42be-b9fb-a0626f22f7cf,9484.99,636,25,0,2
027f6f3e-2cac-4223-9aaa-19cef289347d,20415.74,663,27,0,1
868e4422-19c2-406a-a337-d2cc854169b5,27135.43,703,37,0,3
91bd944d-5a15-45c3-9194-842dac384ec2,16621.38,695,37,0,3
e318f62b-84eb-4e74-8481-6f5a79cc18f5,26407.86,703,0,0,1
d93fd2dc-bc98-4f28-a7ae-29cfe347f785,11464.61,643,27,1,3
c8563b40-9ae1-473d-9189-785e20fff33d,11931.99,627,38,0,0
6102f9e3-006c-477e-81af-bcce035cf04f,80450.6,627,93,0,2
e9d7254e-e435-462e-9fa1-93cf227ae382,69510.72,505,97,1,4
8fa03bf9-e9a9-49ee-b880-14be558ea969,28908.74,708,24,1,1
1d12dd18-44b0-4604-bbbd-84b1be6e85e3,30449.61,663,25,0,1
b8e24800-8a4a-4af6-8384-c1a7a3fb2d4b,28917.81,676,32,1,3
b8f049fa-4841-4bbe-9404-9d6d099a64af,27112.21,709,30,0,2
f3ee4b3b-55e7-451f-b45e-d5a6fd203b65,5449.72,726,47,0,4
af6bb240-435a-4c50-a76d-72e3134d2521,27762.65,756,7,0,3
4ce0b0b8-d98a-4d66-9e03-83c3f05ba4a3,8007.99,546,44,1,3
2bf9e906-e160-4647-b942-29796f20951c,8102.23,617,26,2,4
1717cd5b-e1b8-42fb-a701-0445e90238e0,11412.59,629,2,1,2
b7841dee-f999-45d5-81bd-95a4e1d3b100,39120.66,732,41,1,2
d769a1f5-8617-4b53-addb-84fccb62ca29,20382.84,665,0,1,2
0b0151dd-a1fb-4745-ab13-c5b1e502e3aa,10864.94,667,35,1,3
c7a2adbe-92c7-499f-a9e5-155be05b6b9d,8655.3,611,32,1,1
1c2b77c3-aeb3-4179-9f67-65b5b529970b,24961.09,699,38,1,1
11268fab-f28c-4340-8c43-83137e568178,38147.92,707,15,0,2
2865cffd-995f-4df9-b7b5-5fb581df6291,16171.42,771,27,0,4
4e119204-0b25-4b56-9f0c-1fec2adfe7c0,20066.04,698,16,2,1
e138dfe1-9be0-40dc-bbaa-17c4a1b446d0,19290.59,673,16,1,2
68804839-bc17-4284-96d8-dd075ab6a324,6799.45,689,55,0,0
f9b17183-4800-4e98-8230-be3f13104872,58972.56,423,50,1,2
7ae11e50-fd98-4abc-a053-3d5d07b80bb8,17006.99,788,26,1,6
b397512e-8197-4537-af20-79991ea520d6,37107.87,659,45,1,3
bfc61eee-19f2-4054-8823-ff3cf1ac980a,20275.91,663,57,0,2
c502a37a-7345-4cd3-873f-bd92efb289b0,30142.06,740,22,2,1
017daa0a-6c33-489c-9ddb-753b29259589,16687.75,829,20,1,1
77721721-4577-402a-b027-4eac23335e88,16842.14,744,34,2,3
3391120e-1d0e-4594-bc0a-79aeb5083c3f,11252.62,778,53,0,1
b3a0f035-f328-4d8d-a66c-1c6c98466df1,5274.77,701,18,0,3
34708db0-e1b2-48b0-b479-8b00e1f17f07,14560.37,727,19,0,0
0432c2c7-f305-481f-a8d1-ef7938abcce1,17832.61,820,32,0,2
28891890-332b-4904-a082-e47162d2dc22,34236.86,678,32,0,1
29471138-069c-4b91-9ac4-7435d8ce492d,21449.44,619,15,0,3
2b4b6920-5928-49fa-bb1f-8e098215f065,20673.82,772,20,1,2
642dcfc1-78bb-4a6a-9d8c-d7c685ef60fa,38299.47,637,38,0,2
1c8095c0-06f0-404c-90fd-a94b4b7addde,21316.02,771,40,1,3
05357dc5-1961-481e-80ea-c3097c27254d,30477.79,759,18,0,0
153d13f9-be62-4417-9fcb-b52d66658464,38004.95,614,52,0,2
972e6455-0a75-497d-b745-b89827bbf8b4,20092.5,680,26,1,1
aa9eb69a-3426-4825-956d-80d384d44970,32841.34,779,38,0,0
0ab478eb-c2c6-47fb-b1a0-2acfec6cda57,39152.69,727,62,0,2
984d5647-e489-4e8e-93cf-b993d61a9834,5968.44,661,43,0,3
b6162f95-107e-462f-ba89-6040f02ce796,27114.17,703,34,1,0
85f1f155-4812-453d-bf6e-a4a5c9a44b1c,28782.88,791,37,1,3
89bc64d1-b412-42fb-b5d5-d5545034484d,38916.8,732,46,0,1
c9adb9c0-fbe1-4612-b25c-824c278afb32,34610.34,678,17,1,2
60ba126a-bfda-4c1c-8038-b3536324f9c0,24518.55,637,0,0,2
058e3979-7d6b-4df4-8c50-a60f87f6ea21,95745.29,663,58,0,4
992ab3d1-77c7-4b7c-9d4a-da7968a53d10,25824.08,686,25,0,1
9080cff1-8b18-4828-83b7-7f0ddd1bafa8,11441.94,718,42,1,5
025d05b6-b65b-4162-b415-8c478d050ddc,19965.35,751,21,0,1
c38bb214-f4b6-4e6d-bb0e-bdb888b3bd8b,18291.5,689,34,0,4
12168b1f-67d0-4135-be07-03b46fb80cea,21717.82,685,54,0,4
4b2ad25a-a5f8-482c-9416-a46ce21bb75f,5198.24,729,41,1,2
696a800c-1c7c-409f-9479-b44213a05456,85667.59,566,92,0,0
58e31008-7bdf-4496-a957-8ed1ec967524,23065.48,710,10,0,5
cb7b6c4f-4db8-4272-af39-5584b558610e,20907.54,723,20,1,1
25edf66b-25d1-4e2a-b7b3-45876cfd5255,34642.92,668,38,0,5
f03be9a1-92db-4122-b28d-c7fe99a89dae,5061.16,774,30,2,3
a49d1129-cdf8-4709-baf8-f1b0738f4cf3,21410.68,718,55,0,5
ba445f42-dd0f-4435-ad2f-da2ff2eb3afb,11541.65,714,69,1,4
1becae31-0187-4a81-9382-719851f2973c,23451.17,733,3,1,3
1a389efb-fb19-478a-b5ca-f52d32a923f1,38951.16,745,35,0,0
d03f9ef6-6113-4c38-bae1-95d797024ffb,38920.14,610,85,1,2
9a34aea8-2c1d-4af8-a32d-131739a80999,7640.89,691,11,0,0
ca7d1fb5-faca-48d1-a5db-cc71b56522ed,33374.04,687,17,1,4
00b26209-3ccd-4262-890c-969cedda51a2,65921.89,479,83,0,2
458c3548-f93c-4bef-8533-4f505d058cf3,14510.69,800,35,1,3
f2c5d970-6829-4d7a-9901-c81049b709ed,34743.33,628,36,1,4
8a6a6f6a-8645-4a12-82e8-b4a01c890d37,11393.3,771,20,0,3
abc68ce3-3926-4976-99eb-c1bce47fd438,21745.22,691,30,0,3
25766ddc-030c-4a96-8741-d9690fdc7093,31339.49,652,39,0,1
a6463ef0-ea0e-4493-aa3d-500e3229a60c,16798.95,692,36,0,1
3e6c7dbc-38c1-4bf7-8e43-cb449d57a6e9,23853.29,646,23,0,3
1b00f64c-e3d6-4dc6-88de-97f8ee6c6db2,28457.11,743,24,0,2
76fe1d53-e3d8-4eb7-b81a-d325fb4dcb85,22757.35,803,24,0,1
29343d44-83fb-4d34-aa3c-ab76a852750d,18109.65,713,43,0,2
decada78-b041-45e1-8e74-acdab69b6d25,12484.7,614,3,0,1
4b4e424d-59f4-45cd-831e-dad0aa7eb59a,21319.44,608,48,0,1
06399d53-4728-407e-8973-6a0465c913d8,21562.01,666,68,2,3
ad8e1a26-8986-4079-99a5-7c3cd3bddc70,10911.78,666,32,1,4
48a8bbe3-2b68-4df4-92f7-cd043b25a035,17931.46,792,60,0,0
7ffe1f2c-8de7-4716-88fe-e8d746c3e5f5,36294.37,823,48,0,0
fe2e17e2-ec3f-4a78-9800-ce606bc886c3,16979.1,761,38,1,1
8c08117a-f082-4ff9-9824-a62bce2a9db1,11590.19,746,21,1,5
0387d3e4-bced-461e-90c7-ddf631388f3a,35528.63,650,29,0,2
5cb93bc0-5be6-4ee1-bf1d-ca7d66f7c27d,38199.78,689,23,0,1
7b74eac0-426c-4b20-82d1-6b73828f2a61,34826.47,741,44,0,3
c705d784-1e6e-4b9a-8937-a53e8f3da9ea,33467.71,705,52,1,2
a373fe31-3297-40a9-a156-f53844766410,11712.88,631,27,0,0
c54962be-33f4-48f3-b1bc-a0ae42f20140,10798.3,656,2,0,1
e99e9de3-cbb2-4ab2-9283-7b8b477971f6,21874.68,695,28,0,3
77982742-7d0b-4200-8892-e57a766c0d8d,38592.8,790,39,0,2
732c929f-46b6-4cf2-a395-d73423531e92,27242.48,638,57,0,0
e69489d9-0b25-4666-bf74-cb45a7c082c6,20289.73,773,38,0,1
44e92bc2-3f86-449b-8b81-4c4e01573d7f,37245.55,686,15,0,1
42cfaf31-354e-40da-871d-72a12dfbc483,12231.8,677,46,2,1
06863605-f4b3-4dc6-b37b-d069e515b6fe,29308.64,813,53,0,2
eda8fafc-81ce-44cc-9e35-aef30db1d458,31824.3,485,58,0,1
c2c5ad86-adb5-4bca-8168-2d5bba1403b6,8352.14,708,3,0,7
09dad7e8-0379-47d8-aeab-6a6ce9471443,34601.68,719,27,0,0
f985e746-6a43-4d1d-b1da-626d1169dfc4,9518.54,672,6,0,3
35a24fc0-06ba-4640-bcb1-b7acb46e199a,30873.22,555,67,0,2
041daa7a-8ed5-4348-a4e9-9151652b0967,31598.06,629,0,0,4
5f2f755c-c7b1-4c08-9e1a-d19f280c1ae4,33459.22,518,100,0,0
6704e10f-4a88-4c04-bae0-073cad9ff5a9,32183.99,799,23,0,1
399e903b-9bac-4cf7-8202-eafd54e2abc2,27335.14,663,37,1,0
2c6acdb0-e616-47d9-a267-5d10b0b2f41c,27423.18,640,34,2,2
dfb39ece-c90d-4d2a-a548-66cda0ed7205,12522.53,745,48,2,2
274505f3-606d-4d04-927f-ce20d246bef5,10675.58,693,26,1,3
d606d752-4420-4961-bb94-b1117cab5667,38452.56,647,17,1,4
69e8b5c8-5a2e-441d-af3c-f4f18b1db1e9,99862.25,504,80,1,3
e9fd961c-34ce-4e4d-bb9f-196b9ca674cd,37857.92,754,17,1,4
c2d2c126-789a-449c-b588-20d43a74c571,38781.72,789,25,1,1
a2812956-9b1d-4355-bd08-c7f9212484b2,36158.33,698,18,0,3
ba4bface-e78a-479c-8fd0-21ba3a36780e,33177.78,554,43,0,3
a8cda397-62af-46e2-808d-71dee0be7b7a,26862.64,744,25,0,1
f6aa949d-2d76-486a-8ad8-6b569aff3ddd,32802.41,704,37,0,3
8ac66e8a-ce4b-46db-9a86-1a353d987af8,21703.31,606,22,0,3
06a88b3c-4b89-4a6b-bc31-c262396560d3,63935.9,575,56,0,1
54d29f1e-d0ee-48d4-b02c-ddff318de3b9,26356.21,717,9,0,3
b7e1c21d-259b-4547-9f97-ef31010d92c5,13999.63,727,29,0,4
c2a6d003-e6c2-4d21-b38d-a685155ff5dd,11675.48,603,47,0,1
b1439399-48e5-4a3a-a31a-19af3c2a88d5,34271.98,655,17,0,2
949948b4-391b-4205-a03c-20819d279e1c,5406.11,712,47,1,4
60f07ef0-8965-4a58-acc7-392b22ce294e,26309.08,639,30,0,2
37017db9-8072-40e5-a943-ef8797b432c8,18261.82,725,40,0,2
fd52fde2-08e7-4918-814a-4fadacdcce6a,16621.49,710,24,0,5
7cedc074-66c2-4804-ba4e-087c86ea8789,27590.98,650,31,0,1
a775d413-4e12-4d98-8b4e-58f4140eea13,5181.06,635,0,0,3
819c4bbc-908e-4308-af2c-80398c40753b,8152.24,726,43,0,1
9453a44a-fafa-4fa8-a575-fe7ecc655af5,8027.0,558,14,2,4
8b0dd2a6-1c5f-4a5b-910c-3bdfbbe13c3d,92712.2,563,100,0,2
fecffdd7-597e-43a0-986c-8a8ae6134694,16887.23,701,19,0,2
b5631676-44be-4ad4-a46f-b384e62c2a27,15417.33,689,50,0,2
aa5fd0d0-e739-43dd-a27c-004e6bfd634c,24508.43,661,18,0,1
532e07d0-bde9-49e5-a71e-3b1b88dce309,16363.09,671,15,1,2
a5beedcc-7da1-4f3c-818d-992e33edb0e6,13065.42,707,54,0,3
134c1681-76ef-4db3-b93c-33b7698baf4d,26710.88,719,26,0,2
a59b5783-8482-4d95-be29-1c5a89712651,37212.99,682,6,0,1
cdfea962-dea1-41ee-819e-1ba2849189bf,31308.6,581,73,0,1
61ac7226-f8d3-4141-b2d2-9fe2dcaa99a0,29332.8,689,77,0,1
2642f53a-54b3-4913-b3ba-2b13b9b588c0,36204.43,717,18,0,6
a79b21cf-be5b-419c-82ef-7a35faca1109,19830.93,674,47,0,5
2f2221b1-3b4f-480e-b56e-858376243cc4,24031.88,706,8,0,2
324181ad-f732-4dfa-8007-8d4ca8afb73b,33130.48,755,19,2,3
76e330b7-c36f-43c7-aa05-48facaaa10af,36228.42,812,46,0,1
46b51e3e-bec3-4626-a1ee-9c7f43fba6f8,23528.74,673,49,0,3
13b8dccd-230c-4911-87a4-f4248d9971a2,20328.86,704,42,0,0
bd127a34-a644-45b5-8143-cedacdb7700f,8468.67,729,17,0,3
7ceeaa7f-b5b3-4ab5-a09f-35a3b4046d80,35418.22,661,45,0,4
4b3a902f-0680-4fb9-b623-9d5d622b0dbb,5799.11,679,23,1,1
9815c233-0a99-4971-8842-c1a3345afd1e,16490.72,642,36,0,3
75d7b2f3-f5f0-402b-a57c-23ec15a64153,23280.32,823,13,0,1
7ffbae79-ea8a-40d0-95d5-c6468ba8ef03,24900.49,701,51,0,2
f8a41f68-3a1d-41db-9252-402919eb4c13,17758.69,695,36,1,0
e62684b7-f765-4b2c-a905-2739a4c75617,7748.13,636,36,0,3
24e8e985-6ddb-4bc6-805b-668acf5eca9d,8863.26,688,44,0,2
9657908f-ff8c-4d86-85b5-16320e8fe71e,27663.46,771,68,0,3
d80c9f2d-22e7-4d70-aaaa-81746cb8a718,34556.73,734,34,0,3
f1457cf8-cba0-4c65-a449-28c6ab374336,29235.63,711,24,0,2
3ecdf8b2-202b-4512-9def-d02ed6e27caf,28886.23,720,25,1,3
61fbd548-6133-4a33-b11e-7c9b28b9e094,61567.72,531,94,0,1
5d9389d0-8eeb-4ed9-99a2-733c7c927982,29554.63,639,47,0,2
6c5b6ae2-9abd-4e8c-8824-2181ca710494,94648.73,612,73,0,4
3b7a370d-7432-4aec-9065-7c247d8595c9,32703.48,572,20,0,2
a514f249-6109-48b9-8002-35cf50629f59,14870.4,777,29,1,0
4a129f17-94bc-40af-bdc9-ad5b6348bc54,15899.9,640,22,0,2
4fdf5a71-e93e-466f-9139-31ec68815202,36122.12,750,38,0,1
4354d745-d9ee-4d63-a504-0481d99d12b9,16048.15,685,24,0,2
95f850cf-7566-44b8-859e-3b3f5b7018e3,32213.65,492,61,0,2
8537b061-27c3-4bfa-9702-9627832c08a1,9777.66,796,25,0,3
1401159a-faaa-43bd-b4b3-1570a0548e73,36086.06,773,52,0,4
6ce16ea3-e1e9-4cdb-b4ca-df3d0131600f,14549.91,759,23,0,2
2a677a17-9acb-43cb-8ab0-0bc58bedb65d,13154.01,724,29,1,3
56dea56a-ed79-44f7-a017-59863c9ac63a,86865.62,456,79,0,0
f2d41421-3eed-49f5-be5d-646f4762c069,19719.71,629,47,0,2
4c13b326-b58d-4c3a-a54b-161187e34e4d,38466.27,672,33,1,1
e7181c87-6a58-435b-b682-e209b5be1e4a,27940.04,716,26,1,1
2f154129-dd2f-47c5-b349-55a69233bdeb,18252.73,735,22,0,2
837ac4e6-b40b-45c6-9465-23da2dcd6e10,52367.14,580,54,0,1
96d9486a-4619-44ed-94f5-71940e37ab39,37738.05,707,59,0,1
16653434-915c-4d6e-847d-343aed23c4be,14174.72,639,19,1,1
5d6ec70a-eef9-40bc-b167-bff851088b9d,20539.11,730,32,0,2
ff3180d9-d783-4816-a363-e4e222e1c9ad,8631.06,721,37,0,4
7b4dbba8-656c-482a-82e3-e9dc6c0f9535,26905.04,738,46,0,1
86f28ae1-3b71-40a7-aed8-7f50d6b8d716,36799.23,724,26,0,0
847497f9-73b2-4a68-981b-7564f15043d1,29715.17,740,58,0,3
f004d0a4-907c-45c7-9e4e-2efca952f470,6112.45,692,15,1,3
093419af-7b3f-4a0a-bf33-13e43f01d541,39260.51,766,28,2,3
f725df2c-e400-4e91-8667-f3a71d1dde43,30380.23,569,42,0,2
51b91f67-eea7-4701-b721-7a3a982ef4b6,25287.2,667,28,0,1
7d047a4c-79c5-48d6-ac60-dda9d9c9ab92,12642.74,719,32,0,3
cb498215-08a6-4eb7-a311-0d9bc7b40f1b,17309.42,742,23,0,0
d92ee8b4-594e-4e4d-913e-95d2197eaca8,9301.06,730,26,0,2
a6dca786-1adf-4ec0-b956-a1362c0a15ba,20632.57,744,39,0,3
7cd1f425-b460-4814-9124-6fa12c2f8eb4,26097.39,643,46,1,5
3f920f5a-862c-4f5b-85b6-f4c95c4d3786,46270.07,482,87,0,0
eefb918f-1ec1-402a-8af8-6260e544e845,37153.69,722,57,1,3
b4bb61e9-3e91-425a-a64c-841536edddd2,88839.61,504,69,0,2
6c1df1d9-4f30-4bb3-b0fe-cff576982485,31004.14,698,25,1,1
5b563a50-d059-4995-a55a-d78af4c217f7,28506.87,747,5,0,2
be415b66-0bd9-463d-bf28-c4084a0ba1c5,19991.31,636,13,2,2
c334688b-5653-47ae-a1da-68b75a2f2f15,15503.32,757,55,0,0
84d6be47-f100-491d-ba86-b9657b0f9bc4,10382.06,693,27,1,1
08372581-447b-4013-a867-19ec2d666ae0,25433.82,704,47,1,2
e2d031ba-0fa9-4d8e-aacd-623d102c9cfe,24885.98,644,33,0,3
c59f874d-723c-4f06-8852-952575ada25a,25794.18,758,37,0,1
3dfd9405-327e-4307-b58d-93094f6aa7af,12854.79,711,45,0,2
2b590d3a-074e-4249-a5d7-4f4a81e25657,36203.33,537,40,0,2
76d42d7f-e0cf-4a82-b096-831d9a86c88d,22166.52,660,2,0,2
787d6afd-867a-49f1-9f1b-c413996aa867,12784.5,730,50,0,1
342b3ee4-6eb9-4422-b533-afeb21fdb3d2,10063.94,691,44,0,3
b487e68d-73c8-4e1c-9c93-f334734122ec,8950.69,796,49,1,2
1d465eed-fdea-4840-bf8c-0edeee11d93d,28745.81,798,41,0,5
7ad31414-8836-45f7-956b-e41a51c3943f,6600.42,704,5,0,4
b29b08d2-cdb5-4a39-95f1-970e65f47517,6698.82,685,17,0,1
1ffb3f75-766d-4c80-902f-7b7a2db18c72,13709.6,830,27,0,0
a13f1e41-dfab-4c12-bcde-e6b38e9318f2,23317.97,707,38,0,2
7e0641b3-e63b-43ba-9eab-b5a82377a3aa,33538.58,702,55,0,1
1cddd265-dfb7-4089-a175-22f2b02fc35d,33632.34,662,32,0,4
83181993-f620-4fe0-8a3f-e51f1a32a474,27246.22,655,10,0,2
9f1815b8-9284-47a9-bc46-2d3a1d10d2ae,18611.19,663,29,0,2
a67c6685-ba9e-4714-a81b-40900ae9f995,38798.45,674,19,0,3
1d8499f3-b031-4e7c-975e-5e8fbdc53a3c,39860.36,615,28,1,1
82860638-eb85-4422-9f18-c62b0c074fbd,18964.95,609,41,1,1
950103f3-62eb-4569-b29a-a598c6a39aaa,25718.31,704,8,1,4
47fb4596-e210-4656-b529-58fe68a3fec3,12501.63,681,18,0,0
401f6a01-f7b8-4f07-b0b0-5ac8f5f155a1,14510.04,719,50,2,2
4af26463-428f-450e-b31d-d3d1c31e52b0,8058.35,587,31,0,1
f6a2cd9e-7609-4abf-bd04-7f1df23b9051,32258.32,690,40,0,4
424cb6a2-2eb2-4351-a3b6-b68c5502232c,14997.04,712,18,0,2
87fd3c5a-6cca-44d8-b0dc-3841f5c0739c,9923.4,680,18,0,1
6d9264a7-d4c9-43fe-a28f-ed6ab7a3d43c,35179.5,764,30,3,2
93f073fb-97d9-4e81-88ce-7cd2db1d6381,12553.44,814,29,1,0
3ffcc1f9-68f2-4666-851a-04ca4b77def7,34984.12,657,7,0,1
ed29b6f6-9c6c-4f07-aaa8-749ae9f3b9ae,78984.15,393,51,0,2
abc90e79-4cd1-4518-af38-d19af1c29b87,25069.78,716,37,0,4
b6e19c10-46fb-4d8e-9e27-8fddb62bb49c,18676.04,605,43,0,0
2b18b683-2b40-468a-8167-869fda84bbcf,32014.02,671,32,1,3
0175625f-c34c-4fc5-a35a-e35ed48001c8,16733.2,796,43,0,2
28b392aa-ae3c-4d80-81a2-e6b1b0fc473e,9714.16,683,16,0,2
3d9954d5-5e43-43ec-9a85-a22da448e5e1,33489.4,570,19,0,0
68dd30b7-8116-4cbd-89e8-87c5be485378,32700.95,687,15,0,4
b42d048f-6e00-43ba-aaad-bf330880c789,31944.16,510,76,0,2
08ea2a42-8881-4ae5-b971-64359abf63af,5658.45,686,20,0,1
ce0e2ee7-7424-4d58-9d80-f56ecb49dbd3,6857.24,710,36,0,2
9bdf53b0-f759-4ffd-b045-014d56c0d12f,33752.95,634,51,0,2
e8c219fb-464a-45ff-8d65-e8e2d850b3f4,11668.82,694,30,1,1
e13ca608-8cba-476a-b311-59b0ccdaa763,11823.37,742,33,1,3
31a836c4-4d1e-4256-bc3f-83b41ce64e6e,20328.64,757,34,0,0
1b13f6b3-6c6f-430e-a11c-f3d85cf602d0,11986.2,663,35,2,3
4ed85028-1eea-481b-87ed-d6cdb9c1ebbb,14374.32,631,31,0,2
17114c6f-4c07-40be-b2cc-76beddece7eb,10725.0,698,26,1,1
cd3a3902-7bbf-4bfd-b60e-9b800b381db2,38114.07,692,1,1,5
f7280ac1-fc60-4ac4-b1fc-6b4af653792b,93246.11,481,76,0,2
212e42e8-64a7-49bc-943c-8334264a4f90,36768.32,709,14,0,1
4c35604c-0d0d-413a-807c-cef7178585d5,14906.34,775,17,0,2
4f5ef4f5-0f7c-4c4b-bda6-2bce3a6e3321,23060.39,758,36,1,4
57211ddf-a0c6-436c-89c9-d0057bfee18a,38058.18,661,56,0,3
84bf6595-0358-484d-801e-6f6cdeb1f14c,13002.93,628,43,2,2
5f5ffe58-675d-4c9c-b2c0-5488e27a72da,10895.97,760,19,1,3
72fc9bbd-39dd-4985-b0c3-700f0eced985,71677.87,617,71,0,1
57df29f5-87c9-432a-84dd-4bc2ca52954b,47122.71,540,78,1,2
c049804d-e4e3-43d7-9660-b6a028166799,21817.85,691,42,0,2
35d9ab6c-aa8b-415d-9e10-f49578dd0fa4,36107.91,747,3,0,4
2ff1f6fa-40fc-4063-b490-7bad15b131ea,13012.91,778,5,0,3
6e26e4d7-6e3c-4a38-92b2-792f7f0bfab3,57242.62,592,91,0,1
1520a600-c3d9-4527-8de6-caa75b59ebc6,26603.89,634,23,1,4
f0bd70e5-7ae4-441e-9ccb-d92d29c02ffe,12267.77,633,26,0,2
a8cbe97e-c1a7-4fdc-8a6e-19929e19fa60,8834.08,681,41,0,1
bdd80949-7662-4886-b34f-48d9e6dcc116,38322.63,778,50,1,0
c52e9266-d5dc-4b69-b9d5-e8e6bec068a7,32838.73,666,26,0,1
1b8400f9-165e-43cf-875d-7e97a9b742f4,13285.49,598,17,0,2
d8ea2e2b-7c23-4809-b662-a566f54abf65,39710.15,757,54,1,2
3c814c71-b51a-4d22-a8b2-b849fc9b0f39,88397.67,433,66,1,3
e772a37e-443b-4a07-a2f2-29e5a209451f,38513.28,698,34,1,5
dfc91a18-6a21-4ec8-9039-a7423eae8bb1,10184.62,651,36,0,4
2afc6d89-0282-40cc-84bc-39113fc11e3f,25903.66,671,29,0,2
5e8017aa-2686-4337-a5b2-7c98706b1917,32221.21,732,30,1,2
fb54c49b-4f11-4565-8c0a-c4c3f1631fa3,30515.88,673,28,2,2
6419d207-e28f-47ca-8511-bcb248d7017b,22112.35,694,24,1,2
aae8a100-5972-48ea-8dcb-6cddb458a811,6355.05,684,53,0,5
856e3cd7-4c17-4c0d-86a1-e89acd6fd584,94154.27,559,70,0,2
53bab35b-fd8b-4ea5-9926-c09627700972,25259.75,741,24,0,2
98c32121-eb3d-4933-a900-f911d2726637,24990.93,770,35,2,1
d4257f41-3857-4dd0-aa3b-436e32b2c782,18265.34,693,36,0,1
b7199208-aeb0-4c36-af25-bf9e4c4db3dc,33589.82,605,13,1,2
86e28af3-151b-4509-aadc-6044a8ab1426,16383.35,628,32,1,1
f7ab9a76-d4db-4099-8b48-34fe5836ec7c,15735.6,803,63,1,3
1ce16e05-aeeb-4c5e-9ec9-1342cbcf7eba,10894.41,738,37,0,1
09cfe907-ff43-41c1-8ab5-6aa7c3577438,21910.82,591,21,0,6
8330fc71-fdbc-4f47-a24c-2705afb3a438,32600.26,464,65,0,1
ea4acccc-7ff0-4d99-88b8-82dc465a6d06,15108.09,689,22,2,2
7617db70-0e89-4b57-9b0a-c8f05bff8b0f,11795.0,581,41,2,2
d52f35b0-e641-4356-86d0-51e6f0c58707,35962.1,635,33,0,2
5255bdce-72f0-4577-94d3-00ca91781e5d,27753.44,824,16,0,5
edd3d4c1-cab5-4fe3-9b3e-958ed1ea314b,39126.58,548,25,1,0
57677f5d-c90e-4c3a-afe4-c0226e8168e3,31739.74,766,59,1,0
86aa1152-27d7-4557-a62c-8fd309352fcf,18478.89,626,37,0,2
ad833a64-e15b-4955-87b0-c7b603c4c325,23173.06,672,28,0,2
08d47d9a-9d55-4ad8-a71f-a0e1de76ee85,36514.87,850,7,2,3
68d8ea77-adbe-4244-aa09-2d38fd93448f,34673.68,715,37,0,3
dbde2646-1529-41cd-a7ce-9200df0b430c,34577.45,765,31,0,3
e7106cd2-cce5-4275-a5e0-a445eb129cb5,69579.42,541,69,0,2
13424705-1494-4da8-8e80-8f90139cf67d,17816.76,716,24,1,1
86da97cc-2fac-4b16-b0ae-36a61fd472fd,12384.1,737,24,0,3
3d4504b3-0442-4bc0-9e16-02be77c32b68,18148.23,722,29,1,2
cdfd641b-1af7-40df-ab94-e00f1abd72a0,12625.98,767,29,1,1
e7db16d7-ec11-4f58-8b4f-18a2efe7be49,79916.36,395,93,1,2
2afe9173-5d1e-4bf2-95cf-c2cba370ab24,7265.94,645,20,1,3
6c0b7344-816e-4360-bf37-b1d78156e15d,14921.81,664,50,0,3
682ca2b5-eceb-4f03-bdbd-5441922f62ff,29710.88,571,77,1,1
f2f3ba25-1155-497c-aaa7-ef436a970052,15109.94,763,33,0,3
2e978a98-9bfb-4d61-a918-a286d64882f9,6324.98,696,34,0,2
86891ef9-5c7d-43c8-8ced-487aa0ba5ca6,10840.98,731,39,0,2
b7b40858-3083-4e59-8ea7-7ffd70ff3d90,9584.93,733,31,0,2
a019f7c9-c520-43d3-a7da-cbbf22c27e2d,28969.9,688,27,1,1
9ddf34a5-4989-4d1e-9174-22c4d0af3f6c,30477.71,688,47,1,0
742a0092-b253-482f-91e6-39031b7db7af,29776.86,735,0,2,3
06176430-d9a6-4433-9e6a-7c6a689df849,25908.44,739,32,0,1
553d3e88-a1df-4dad-be60-c7c23f10abc5,33702.58,698,24,0,1
9e09b811-8d71-4687-80e0-bb4e658a1e68,17962.79,767,44,0,4
440fb96b-8091-4411-a49d-78e32e110ecf,12533.78,653,36,0,1
4fdd39ad-e810-4fef-a8aa-0fdbc7449134,19715.46,641,9,2,4
28e0c5b5-8a17-4ba2-bfb9-831045c60213,38380.42,662,42,0,2
527d9725-407d-40ee-b8a5-73c3ff7f1b29,27514.21,757,37,1,1
9a2179a5-7842-4460-849f-806f6d0ae3fc,13627.45,743,37,0,4
70fc6771-1323-4456-861c-e8516b8e55fa,22876.55,661,36,0,2
a5c3d922-21ef-433d-bfb8-c0fcf00bbc18,11307.03,748,41,1,4
5c174970-fbec-454b-aeed-d672abdd9bbe,38143.8,771,40,0,2
63feddd4-350d-4178-a031-dc0f6fffaf97,33715.82,721,46,0,3
3ae1957b-74ad-487b-8329-d782c02c8448,22035.77,698,16,0,2
56aa189c-fc16-4c08-8c6d-c29892e6bbe9,9539.45,690,18,0,0
