{
  "pages": [
    {
      "id": "jJfJzPZ",
      "grid": {
        "tiles": [
          {
            "tileType": "INSIGHT",
            "box": {
              "top": 0,
              "left": 0,
              "width": 6,
              "height": 6
            },
            "clickAction": "DO_NOTHING",
            "tileParams": {
              "showXAxis": true,
              "showYAxis": true,
              "showLegend": false,
              "showBrush": false,
              "inheritLegendPlacement": true,
              "legendPlacement": "OUTER_RIGHT",
              "showTooltips": true,
              "autoPlayAnimation": true
            },
            "backgroundOpacity": 1.0,
            "autoLoad": true,
            "locked": false,
            "borderOptions": {
              "color": "#D9D9D9",
              "radius": 0,
              "size": 1
            },
            "titleOptions": {
              "showTitle": "YES",
              "fontColor": "#000",
              "fontSize": 13
            },
            "insightId": "XCLOFqq",
            "insightType": "chart",
            "displayMode": "INSIGHT",
            "resizeImageMode": "FIT_SIZE"
          },
          {
            "tileType": "INSIGHT",
            "box": {
              "top": 0,
              "left": 6,
              "width": 6,
              "height": 6
            },
            "clickAction": "DO_NOTHING",
            "tileParams": {
              "showXAxis": true,
              "showYAxis": true,
              "showLegend": false,
              "showBrush": false,
              "inheritLegendPlacement": true,
              "legendPlacement": "OUTER_RIGHT",
              "showTooltips": true,
              "autoPlayAnimation": true
            },
            "backgroundOpacity": 1.0,
            "autoLoad": true,
            "locked": false,
            "borderOptions": {
              "color": "#D9D9D9",
              "radius": 0,
              "size": 1
            },
            "titleOptions": {
              "showTitle": "YES",
              "fontColor": "#000",
              "fontSize": 13
            },
            "insightId": "VRY37ao",
            "insightType": "chart",
            "displayMode": "INSIGHT",
            "resizeImageMode": "FIT_SIZE"
          },
          {
            "tileType": "INSIGHT",
            "box": {
              "top": 0,
              "left": 12,
              "width": 6,
              "height": 6
            },
            "clickAction": "DO_NOTHING",
            "tileParams": {
              "showXAxis": true,
              "showYAxis": true,
              "showLegend": false,
              "showBrush": false,
              "inheritLegendPlacement": true,
              "legendPlacement": "OUTER_RIGHT",
              "showTooltips": true,
              "autoPlayAnimation": true
            },
            "backgroundOpacity": 1.0,
            "autoLoad": true,
            "locked": false,
            "borderOptions": {
              "color": "#D9D9D9",
              "radius": 0,
              "size": 1
            },
            "titleOptions": {
              "showTitle": "YES",
              "fontColor": "#000",
              "fontSize": 13
            },
            "insightId": "O9CLWUy",
            "insightType": "chart",
            "displayMode": "INSIGHT",
            "resizeImageMode": "FIT_SIZE"
          },
          {
            "tileType": "INSIGHT",
            "box": {
              "top": 0,
              "left": 18,
              "width": 6,
              "height": 6
            },
            "clickAction": "DO_NOTHING",
            "tileParams": {
              "showXAxis": true,
              "showYAxis": true,
              "showLegend": false,
              "showBrush": false,
              "inheritLegendPlacement": true,
              "legendPlacement": "OUTER_RIGHT",
              "showTooltips": true,
              "autoPlayAnimation": true
            },
            "backgroundOpacity": 1.0,
            "autoLoad": true,
            "locked": false,
            "borderOptions": {
              "color": "#D9D9D9",
              "radius": 0,
              "size": 1
            },
            "titleOptions": {
              "showTitle": "YES",
              "fontColor": "#000",
              "fontSize": 13
            },
            "insightId": "TS5f1QL",
            "insightType": "chart",
            "displayMode": "INSIGHT",
            "resizeImageMode": "FIT_SIZE"
          }
        ]
      },
      "show": true,
      "showTitle": false,
      "titleAlign": "CENTER",
      "titleFontColor": "#444444",
      "titleFontSize": 28,
      "enableCrossFilters": true,
      "backgroundColor": "#ffffff",
      "showFilterPanel": true,
      "filtersParams": {
        "panelPosition": "TOP",
        "engineType": "LINO"
      }
    }
  ],
  "owner": "admin",
  "listed": true,
  "name": "fraud_detection\u0027s default dashboard",
  "showGrid": false,
  "columnNumber": 36,
  "showNavigationArrows": false,
  "reloadWhenEventReceived": false,
  "tileSpacing": 8,
  "creationTag": {
    "versionNumber": 0,
    "lastModifiedBy": {
      "login": "admin"
    },
    "lastModifiedOn": 1747219240372
  },
  "tags": [],
  "customFields": {},
  "checklists": {
    "checklists": []
  }
}