Delhi, India 	28.627392800000006	77.1716954
São Paulo, Brazil 	-23.5506507	-46.6333824
Zurich, Switzerland 	47.3744489	8.5410422
New York, USA 	40.7127281	-74.0060152
Bangkok, Thailand 	13.7524938	100.4935089
Manila, Philippines 	14.5904492	120.9803621
Kigali, Rwanda 	-1.8859597	30.1296751
Riyadh, Saudi Arabia 	23.333333	45.333333
Tunis, Tunisia 	36.8002068	10.1857757
Tashkent, Uzbekistan 	41.3123363	69.2787079
Bucharest, Romania 	44.4361414	26.1027202
Casablanca, Morocco 	33.594514399999994	-7.6200284
Algiers, Algeria 	36.7729333	3.0588445
Nairobi, Kenya 	-1.2832533000000002	36.8172449
Lima, Peru 	-12.0621065	-77.03652559999998
Dhaka, Bangladesh 	23.7643863	90.3890144
Addis Ababa, Ethiopia 	9.0358287	38.7524127
Colombo, Sri Lanka 	6.9388614	79.8542005
Kathmandu, Nepal 	27.708317	85.3205817
La Paz, Bolivia 	-16.4955455	-68.1336229
Antananarivo, Madagascar 	-18.9100122	47.5255809
Tbilisi, Georgia 	41.6934591	44.8014495
Yerevan, Armenia 	40.17771120000001	44.5126233
Port Louis, Mauritius 	-20.1624522	57.5028044
Doha, Qatar 	25.2856329	51.5264162
Muscat, Oman 	23.5882019	58.3829448
Amman, Jordan 	31.9515694	35.9239625
Jeddah, Saudi Arabia 	21.5504432	39.1742363
Ashgabat, Turkmenistan 	37.9404648	58.38234870000001
Baku, Azerbaijan 	40.3755885	49.8328009
Kuwait City, Kuwait 	29.3796532	47.9734174
Kampala, Uganda 	0.31771370000000004	32.5813539
Maputo, Mozambique 	-25.966213	32.56745
Harare, Zimbabwe 	-17.856703500000005	31.0601584
Lusaka, Zambia 	-15.4163395	28.2818414
Windhoek, Namibia 	-22.5776104	17.077273899999998
Victoria, Seychelles 	-4.6232085	55.452359
Male, Maldives 	4.1779879	73.5107387
Thimphu, Bhutan 	27.4713546	89.63367290000002
Suva, Fiji 	-18.1415884	178.44216619999997
Pago Pago, American Samoa 	-14.2754786	-170.70482980000003
Nukuʻalofa, Tonga 	-21.134340100000006	-175.201808
Apia, Samoa 	-13.834523499999998	-171.76309550000005
Port Vila, Vanuatu 	-17.741497199999994	168.31501630000002
Honiara, Solomon Islands 	-9.4310769	159.95525519999995
Majuro, Marshall Islands 	7.0909924	171.3816354
Tarawa, Kiribati 	1.4845542	172.9689648
Funafuti, Tuvalu 	-8.5199633	179.19825480000003
Bridgetown, Barbados 	13.0977832	-59.6184184
Kingstown, Saint Vincent and the Grenadines 	13.1561864	-61.227962100000006
Castries, Saint Lucia 	13.9090438	-60.9779241
Roseau, Dominica 	15.4238539	-61.3416513
St. George's, Grenada 	12.0535331	-61.751805
Basseterre, Saint Kitts and Nevis 	17.2960919	-62.722301
Belmopan, Belize 	17.250199	-88.77001800000002
Asunción, Paraguay 	-25.2800459	-57.6343814
Montevideo, Uruguay 	-34.905891600000004	-56.1913095
Buenos Aires, Argentina 	-34.6083696	-58.4440583
Santiago, Chile 	-33.4377756	-70.6504502
Quito, Ecuador 	-0.2201641	-78.5123274
San José, Costa Rica 	9.9325427	-84.0795782
Reykjavík, Iceland 	64.145981	-21.9422367
Oslo, Norway 	59.9133301	10.7389701
Helsinki, Finland 	60.16748810000001	24.9427473
Copenhagen, Denmark 	55.6867243	12.5700724
Stockholm, Sweden 	59.3251172	18.0710935
Vienna, Austria 	48.2083537	16.372504199999998
Prague, Czech Republic 	50.05962879999999	14.4464593
Warsaw, Poland 	52.2337172	21.0714322
Budapest, Hungary 	47.4978789	19.0402383
Bratislava, Slovakia 	48.1516988	17.1093063
Ljubljana, Slovenia 	46.0500268	14.506928899999998
Tallinn, Estonia 	59.4372155	24.7453688
Riga, Latvia 	56.94939770000001	24.1051846
Vilnius, Lithuania 	54.6870458	25.2829111
Zagreb, Croatia 	45.8130967	15.977279500000002
Sarajevo, Bosnia and Herzegovina 	43.8519774	18.386686800000003
Skopje, North Macedonia 	41.9961816	21.431921300000006
Podgorica, Montenegro 	42.4415238	19.2621081
Belgrade, Serbia 	44.8178131	20.4568974
Tirana, Albania 	41.3281482	19.8184435
Athens, Greece 	37.9755648	23.7348324
Rome, Italy 	41.8933203	12.4829321
Paris, France 	48.8534951	2.3483915
Berlin, Germany 	52.510885	13.3989367
Madrid, Spain 	40.4167047	-3.7035825
Lisbon, Portugal 	38.70775070000001	-9.1365919
London, UK 	51.4893335	-0.14405510000000002
Dublin, Ireland 	53.34937950000001	-6.2605593
Amsterdam, Netherlands 	52.3730796	4.892453400000001
Brussels, Belgium 	50.8465573	4.351697
Luxembourg City, Luxembourg 	49.59996810000001	6.1342493
Bern, Switzerland 	46.9484742	7.452174900000001
Monaco, Monaco 	43.7323492	7.4276832
Andorra la Vella, Andorra 	42.4979185	1.5032264
Cape Town, South Africa 	-33.928830100000006	18.4172197
Niamey, Niger 	13.524834	2.109823
Johannesburg, South Africa 	-26.205	28.049722
Hanoi, Vietnam 	21.0283334	105.854041
Panama City, Panama 	8.9714493	-79.53418020000002
Durban, South Africa 	-29.861825	31.009909000000004
Kyiv, Ukraine 	50.4500336	30.524136100000003
Georgetown, Guyana 	6.8137425999999985	-58.1624465
Lagos, Nigeria 	6.4550575	3.3941795
Karachi, Pakistan 	24.8546842	67.0207055
 Noida, India 	28.5706333	77.3272147
 Guarulhos, Brazil 	-23.467594100000003	-46.5277704
 Winterthur, Switzerland 	47.4991723	8.7291498
 Newark, USA 	40.735657	-74.1723667
 Nonthaburi, Thailand 	13.8610918	100.3456772
 Quezon City, Philippines 	14.6510546	121.0486254
 Gitarama, Rwanda 	-2.0845106	29.7528767
 Al Kharj, Saudi Arabia 	23.8304401	47.6840134
 Ariana, Tunisia 	36.9685735	10.1219855
 Chirchiq, Uzbekistan 	41.4726157	69.5811915
 Ploiești, Romania 	44.9417468	26.0236504
 Mohammedia, Morocco 	33.6958383	-7.3893292
 Blida, Algeria 	36.4705658	2.8274937
 Thika, Kenya 	-1.036648	37.077523
 Callao, Peru 	-12.0864633	-77.22344629999998
 Narayanganj, Bangladesh 	23.6236732	90.4988075
 Sebeta, Ethiopia 	8.912246000000003	38.624019
 Dehiwala-Mount Lavinia, Sri Lanka 	6.8369601	79.86728659999999
 Bhaktapur, Nepal 	27.704332	85.452118
 El Alto, Bolivia 	-16.5048228	-68.16243370000001
 Ambohidratrimo, Madagascar 	-18.8186405	47.4395021
 Rustavi, Georgia 	41.54309	45.0112804
 Vagharshapat, Armenia 	40.16277570000001	44.2931665
 Quatre Bornes, Mauritius 	-20.2643015	57.4800061
 Al Wakrah, Qatar 	25.1566623	51.60132120000001
 Seeb, Oman 	23.65478	58.2058419
 Zarqa, Jordan 	32.0668425	36.0885771
 Mecca, Saudi Arabia 	21.420847	39.826869
 Abadan, Turkmenistan 	38.0547912	58.1496045
 Sumqayit, Azerbaijan 	40.703935	49.657693
 Al Jahra, Kuwait 	29.3655294	47.2801569
 Entebbe, Uganda 	0.0611715	32.469856400000005
 Matola, Mozambique 	-25.966917	32.466956
 Chitungwiza, Zimbabwe 	-18.0143462	31.0726737
 Kafue, Zambia 	-14.373459400000002	27.195211800000006
 Okahandja, Namibia 	-21.979231	16.9128172
 Cascade, Seychelles 	-4.669124299999999	55.4972693
 Hulhumalé, Maldives 	4.2208617	73.5425254
 Paro, Bhutan 	27.4646365	89.31834090000002
 Nasinu, Fiji 	-18.0964402	178.48075680000005
 Tafuna, American Samoa 	-14.3278269	-170.7255437
 Tatakamotonga, Tonga 	-21.1904759	-175.1254017
 Vaitele, Samoa 	-13.8244461	-171.806654
 Mele, Vanuatu 	-17.6969012	168.2632999
 Auki, Solomon Islands 	-8.770607400000001	160.6992655
 Laura, Marshall Islands 	7.1459467000000005	171.03478159999997
 Bikenibeu, Kiribati 	1.3659188999999998	173.1229067
 Vaiaku, Tuvalu 	-8.5254131	179.19453280000005
 Oistins, Barbados 	13.0631947	-59.542242
 Calliaqua, Saint Vincent 	13.1327782	-61.1949601
 Gros Islet, Saint Lucia 	13.9090438	-60.9779241
 Canefield, Dominica 	15.338039300000002	-61.3886297
 Gouyave, Grenada 	12.1665178	-61.7297144
 Sandy Point Town, Saint Kitts 	17.3597114	-62.84828710000001
 San Ignacio, Belize 	17.1527588	-89.0761718
 Lambaré, Paraguay 	-25.3455354	-57.6261456
 Las Piedras, Uruguay 	-34.7274904	-56.21649820000001
 La Plata, Argentina 	-34.9206797	-57.95376379999999
 Puente Alto, Chile 	-33.6095279	-70.5754736
 Sangolquí, Ecuador 	-0.3288822	-78.44834759999998
 Heredia, Costa Rica 	10.3767813	-84.01397209999998
 Kópavogur, Iceland 	64.11135039999999	-21.9048106
 Bærum, Norway 	59.9289639	10.4997108
 Espoo, Finland 	60.20496510000001	24.6559808
 Frederiksberg, Denmark 	55.67801600000001	12.5326186
 Solna, Sweden 	59.36666700000001	18.016667
 Mödling, Austria 	48.0855922	16.283352599999994
 Kladno, Czech Republic 	49.7724743	15.982281099999998
 Piaseczno, Poland 	52.07473770000001	21.0270885
 Szentendre, Hungary 	47.6677606	19.0760467
 Pezinok, Slovakia 	48.2854539	17.270194
 Domžale, Slovenia 	46.1394296	14.594455300000002
 Maardu, Estonia 	59.468192	24.989675100000003
 Jelgava, Latvia 	56.6514394	23.7339143
 Trakai, Lithuania 	54.6449911	24.935398100000004
 Velika Gorica, Croatia 	45.7155672	16.0717164
 Ilidža, Bosnia and Herzegovina 	43.8306182	18.3077357
 Tetovo, North Macedonia 	42.0068297	20.972855600000006
 Danilovgrad, Montenegro 	42.5524049	19.1052289
 Zemun, Serbia 	44.8444	20.4123996
 Durrës, Albania 	41.313255	19.4462348
 Piraeus, Greece 	37.9431594	23.6470593
 Latina, Italy 	41.4595261	13.0125912
 Versailles, France 	48.8035403	2.1266886
 Potsdam, Germany 	52.4009309	13.0591397
 Getafe, Spain 	40.3070639	-3.7331808
 Amadora, Portugal 	38.758959	-9.2365233
 Watford, UK 	51.6553875	-0.3957425
 Swords, Ireland 	53.4594799	-6.219175
 Haarlem, Netherlands 	52.3837058	4.6435597
 Leuven, Belgium 	50.879202	4.7011675
 Esch-sur-Alzette, Luxembourg 	49.4959628	5.9850306
 Thun, Switzerland 	46.7582827	7.628086
 Nice, France 	43.7009358	7.2683912
 Escaldes-Engordany, Andorra 	42.486196	1.6037711
 Stellenbosch, South Africa 	-33.934444	18.869167
 Kollo, Niger 	13.7251068	1.6961456
 Pretoria, South Africa 	-25.7459277	28.187910100000003
 Hai Duong, Vietnam 	20.893057100000004	106.37254409999998
 Colón, Panama 	9.3553005	-79.8974085
 Pietermaritzburg, South Africa 	-29.6	30.3788889
 Bila Tserkva, Ukraine 	49.7969703	30.115806899999995
 Linden, Guyana 	6.0100019	-58.312488
 Ibadan, Nigeria 	7.3786064	3.8969928
 Hyderabad, Pakistan 	25.4075358	68.36134559999999
