{
  "type": "MySQL",
  "managed": true,
  "featureGroup": false,
  "checklists": {
    "checklists": []
  },
  "checks": [],
  "customMeta": {
    "kv": {}
  },
  "flowOptions": {
    "virtualizable": false,
    "rebuildBehavior": "NORMAL",
    "crossProjectBuildBehavior": "DEFAULT",
    "ignoreErrorStatusOnBuild": false
  },
  "readWriteOptions": {
    "preserveOrder": false,
    "writeBuckets": 1,
    "forceSingleOutputFile": false,
    "defaultReadOrdering": {
      "enabled": false,
      "rules": []
    }
  },
  "partitioning": {
    "ignoreNonMatchingFile": false,
    "considerMissingRequestedPartitionsAsEmpty": false,
    "dimensions": []
  },
  "creationTag": {
    "versionNumber": 0,
    "lastModifiedBy": {
      "login": "admin"
    },
    "lastModifiedOn": 1747223092368
  },
  "tags": [],
  "params": {
    "useDatetimeForDates": false,
    "connection": "mysql_data_connector",
    "notReadyIfEmpty": false,
    "mode": "table",
    "partitioningType": "custom",
    "normalizeDoubles": true,
    "table": "${projectKey}_cleint_prof_with_cbil_label",
    "tableCreationMode": "auto",
    "writeInsertBatchSize": 10000,
    "writeDescriptionsAsSQLComment": true,
    "noDropOnSchemaMismatch": true,
    "writeJDBCBadDataBehavior": "DISCARD_ROW",
    "datetimenotzReadMode": "AS_IS",
    "dateonlyReadMode": "AS_IS",
    "variablesExpansionLoopConfig": {
      "enabled": false,
      "mode": "CREATE_VARIABLE_FOR_EACH_COLUMN",
      "replacements": []
    },
    "sparkJdbcAccess": "NONE",
    "numPartitions": -1
  },
  "schema": {
    "columns": [
      {"name":"user_id","type":"string","originalType":"VARCHAR","maxLength":500},
      {"name":"name","type":"string","originalType":"VARCHAR","maxLength":500},
      {"name":"dob","type":"string","originalType":"VARCHAR","maxLength":500},
      {"name":"email","type":"string","originalType":"VARCHAR","maxLength":500},
      {"name":"phone","type":"string","originalType":"VARCHAR","maxLength":500},
      {"name":"ssn","type":"string","originalType":"VARCHAR","maxLength":500},
      {"name":"address","type":"string","originalType":"VARCHAR","maxLength":500},
      {"name":"registration_date","type":"string","originalType":"VARCHAR","maxLength":500},
      {"name":"credit_score","type":"string","originalType":"VARCHAR","maxLength":500},
      {"name":"num_loans","type":"string","originalType":"VARCHAR","maxLength":500},
      {"name":"total_credit_limit","type":"string","originalType":"VARCHAR","maxLength":500},
      {"name":"current_utilization","type":"string","originalType":"VARCHAR","maxLength":500},
      {"name":"delinquencies","type":"string","originalType":"VARCHAR","maxLength":500},
      {"name":"fraudulent_account","type":"string","originalType":"VARCHAR","maxLength":500}
    ],
    "userModified": true
  },
  "typeSystemVersion": "V2",
  "dkuProperties": [],
  "metrics": {
    "probes": [
      {
        "type": "basic",
        "enabled": true,
        "computeOnBuildMode": "PARTITION",
        "meta": {
          "name": "Basic data",
          "level": 0
        },
        "configuration": {}
      },
      {
        "type": "records",
        "enabled": true,
        "computeOnBuildMode": "NO",
        "meta": {
          "name": "Record count",
          "level": 0
        },
        "configuration": {}
      }
    ],
    "engineConfig": {
      "padRunsWithMetrics": false,
      "hive": {
        "active": true,
        "extraConf": []
      },
      "basic": {},
      "dss": {
        "active": true,
        "selection": {
          "useMemTable": false,
          "filter": {
            "distinct": false,
            "enabled": false
          },
          "partitionSelectionMethod": "ALL",
          "latestPartitionsN": 1,
          "ordering": {
            "enabled": false,
            "rules": []
          },
          "samplingMethod": "FULL",
          "maxRecords": -1,
          "targetRatio": 0.02,
          "ascending": true,
          "withinFirstN": -1,
          "maxReadUncompressedBytes": -1
        }
      },
      "sql": {
        "active": true
      },
      "impala": {
        "active": true
      },
      "spark": {
        "active": true,
        "extraConf": []
      },
      "python": {}
    },
    "displayedState": {
      "columns": [],
      "metrics": [
        "basic:COUNT_COLUMNS",
        "records:COUNT_RECORDS"
      ]
    }
  },
  "metricsChecks": {
    "monitor": false,
    "checks": [],
    "displayedState": {
      "checks": []
    }
  },
  "customFields": {}
}