{
  "tags": {
    "ANALYSIS.DGDl1CP0": {
      "versionNumber": 1,
      "lastModifiedBy": {
        "login": "admin"
      },
      "lastModifiedOn": 1747299460597
    },
    "DASHBOARD.bXiIqdQ": {
      "versionNumber": 8,
      "lastModifiedBy": {
        "login": "admin"
      },
      "lastModifiedOn": 1747303333391
    },
    "DATASET.activity_log": {
      "versionNumber": 1,
      "lastModifiedBy": {
        "login": "admin"
      },
      "lastModifiedOn": 1747327350992
    },
    "DATASET.activity_log_doctored": {
      "versionNumber": 0,
      "lastModifiedBy": {
        "login": "admin"
      },
      "lastModifiedOn": 1747303499711
    },
    "DATASET.activity_log_with_label": {
      "versionNumber": 2,
      "lastModifiedBy": {
        "login": "admin"
      },
      "lastModifiedOn": 1747304099910
    },
    "DATASET.activity_with_latlong": {
      "versionNumber": 1,
      "lastModifiedBy": {
        "login": "admin"
      },
      "lastModifiedOn": 1747315966296
    },
    "DATASET.cities_50km_rad": {
      "versionNumber": 1,
      "lastModifiedBy": {
        "login": "admin"
      },
      "lastModifiedOn": 1747309503244
    },
    "DATASET.cities_nearby_50km": {
      "versionNumber": 1,
      "lastModifiedBy": {
        "login": "admin"
      },
      "lastModifiedOn": 1747309477142
    },
    "DATASET.city_lat_long": {
      "versionNumber": 1,
      "lastModifiedBy": {
        "login": "admin"
      },
      "lastModifiedOn": 1747310157603
    },
    "DATASET.city_map": {
      "versionNumber": 1,
      "lastModifiedBy": {
        "login": "admin"
      },
      "lastModifiedOn": 1747309414976
    },
    "DATASET.cleint_credit_profile": {
      "versionNumber": 1,
      "lastModifiedBy": {
        "login": "admin"
      },
      "lastModifiedOn": 1747219399852
    },
    "DATASET.cleint_prof_with_cbil_label": {
      "versionNumber": 1,
      "lastModifiedBy": {
        "login": "admin"
      },
      "lastModifiedOn": 1747223157209
    },
    "DATASET.client_profile": {
      "versionNumber": 1,
      "lastModifiedBy": {
        "login": "admin"
      },
      "lastModifiedOn": 1747219358738
    },
    "DATASET.client_profile_with_credit_score": {
      "versionNumber": 1,
      "lastModifiedBy": {
        "login": "admin"
      },
      "lastModifiedOn": 1747223048272
    },
    "DATASET.credit_profile": {
      "versionNumber": 1,
      "lastModifiedBy": {
        "login": "admin"
      },
      "lastModifiedOn": 1747219295891
    },
    "DATASET.cross_join_tran_act": {
      "versionNumber": 2,
      "lastModifiedBy": {
        "login": "admin"
      },
      "lastModifiedOn": 1747316100982
    },
    "DATASET.eig_vec": {
      "versionNumber": 2,
      "lastModifiedBy": {
        "login": "admin"
      },
      "lastModifiedOn": 1747222753542
    },
    "DATASET.eigen_val": {
      "versionNumber": 1,
      "lastModifiedBy": {
        "login": "admin"
      },
      "lastModifiedOn": 1747222731333
    },
    "DATASET.entitlement": {
      "versionNumber": 1,
      "lastModifiedBy": {
        "login": "admin"
      },
      "lastModifiedOn": 1747219416037
    },
    "DATASET.entitlement_log": {
      "versionNumber": 1,
      "lastModifiedBy": {
        "login": "admin"
      },
      "lastModifiedOn": 1747219290677
    },
    "DATASET.entitlement_prepared": {
      "versionNumber": 0,
      "lastModifiedBy": {
        "login": "admin"
      },
      "lastModifiedOn": 1747220188954
    },
    "DATASET.fraud_labels": {
      "versionNumber": 1,
      "lastModifiedBy": {
        "login": "admin"
      },
      "lastModifiedOn": 1747219317475
    },
    "DATASET.fraud_labels_feats": {
      "versionNumber": 1,
      "lastModifiedBy": {
        "login": "admin"
      },
      "lastModifiedOn": 1747222891798
    },
    "DATASET.label_data": {
      "versionNumber": 1,
      "lastModifiedBy": {
        "login": "admin"
      },
      "lastModifiedOn": 1747219280989
    },
    "DATASET.lat_long_map": {
      "versionNumber": 1,
      "lastModifiedBy": {
        "login": "admin"
      },
      "lastModifiedOn": 1747314469148
    },
    "DATASET.lat_long_map_geo_pt": {
      "versionNumber": 1,
      "lastModifiedBy": {
        "login": "admin"
      },
      "lastModifiedOn": 1747319538121
    },
    "DATASET.location_map": {
      "versionNumber": 1,
      "lastModifiedBy": {
        "login": "admin"
      },
      "lastModifiedOn": 1747314468523
    },
    "DATASET.location_translate": {
      "versionNumber": 3,
      "lastModifiedBy": {
        "login": "admin"
      },
      "lastModifiedOn": 1747315188342
    },
    "DATASET.location_translate_prepared": {
      "versionNumber": 1,
      "lastModifiedBy": {
        "login": "admin"
      },
      "lastModifiedOn": 1747306872477
    },
    "DATASET.modifying_truth_of_credit_score": {
      "versionNumber": 2,
      "lastModifiedBy": {
        "login": "admin"
      },
      "lastModifiedOn": 1747303088992
    },
    "DATASET.proj": {
      "versionNumber": 2,
      "lastModifiedBy": {
        "login": "admin"
      },
      "lastModifiedOn": 1747222753501
    },
    "DATASET.sample": {
      "versionNumber": 0,
      "lastModifiedBy": {
        "login": "admin"
      },
      "lastModifiedOn": 1747306033124
    },
    "DATASET.tran_with_alt_cities": {
      "versionNumber": 2,
      "lastModifiedBy": {
        "login": "admin"
      },
      "lastModifiedOn": 1747317559871
    },
    "DATASET.trans_enriched_details": {
      "versionNumber": 2,
      "lastModifiedBy": {
        "login": "admin"
      },
      "lastModifiedOn": 1747319632977
    },
    "DATASET.transaction": {
      "versionNumber": 1,
      "lastModifiedBy": {
        "login": "admin"
      },
      "lastModifiedOn": 1747219383655
    },
    "DATASET.transaction_generated": {
      "versionNumber": 1,
      "lastModifiedBy": {
        "login": "admin"
      },
      "lastModifiedOn": 1747219450626
    },
    "DATASET.transaction_processing": {
      "versionNumber": 3,
      "lastModifiedBy": {
        "login": "admin"
      },
      "lastModifiedOn": 1747316070474
    },
    "DATASET.transaction_with_label": {
      "versionNumber": 2,
      "lastModifiedBy": {
        "login": "admin"
      },
      "lastModifiedOn": 1747316084473
    },
    "DATASET.transactions": {
      "versionNumber": 1,
      "lastModifiedBy": {
        "login": "admin"
      },
      "lastModifiedOn": 1747219276314
    },
    "DATASET.user_credit_profile": {
      "versionNumber": 1,
      "lastModifiedBy": {
        "login": "admin"
      },
      "lastModifiedOn": 1747327820553
    },
    "DATASET.user_profile": {
      "versionNumber": 1,
      "lastModifiedBy": {
        "login": "admin"
      },
      "lastModifiedOn": 1747219269882
    },
    "DATASET.user_profile_data": {
      "versionNumber": 1,
      "lastModifiedBy": {
        "login": "admin"
      },
      "lastModifiedOn": 1747327659470
    },
    "INSIGHT.O9CLWUy": {
      "versionNumber": 0,
      "lastModifiedBy": {
        "login": "admin"
      },
      "lastModifiedOn": 1747303175838
    },
    "INSIGHT.TS5f1QL": {
      "versionNumber": 0,
      "lastModifiedBy": {
        "login": "admin"
      },
      "lastModifiedOn": 1747303332874
    },
    "INSIGHT.VRY37ao": {
      "versionNumber": 1,
      "lastModifiedBy": {
        "login": "admin"
      },
      "lastModifiedOn": 1747303189484
    },
    "INSIGHT.XCLOFqq": {
      "versionNumber": 0,
      "lastModifiedBy": {
        "login": "admin"
      },
      "lastModifiedOn": 1747220403239
    },
    "PROJECT.FRAUD_DETECTION": {
      "versionNumber": 3,
      "lastModifiedBy": {
        "login": "admin"
      },
      "lastModifiedOn": 1747303332753
    },
    "RECIPE.compute_activity_log": {
      "versionNumber": 2,
      "lastModifiedBy": {
        "login": "admin"
      },
      "lastModifiedOn": 1747327352143
    },
    "RECIPE.compute_activity_log_doctored": {
      "versionNumber": 1,
      "lastModifiedBy": {
        "login": "admin"
      },
      "lastModifiedOn": 1747303504031
    },
    "RECIPE.compute_activity_log_with_label": {
      "versionNumber": 4,
      "lastModifiedBy": {
        "login": "admin"
      },
      "lastModifiedOn": 1747304102429
    },
    "RECIPE.compute_activity_with_latlong": {
      "versionNumber": 1,
      "lastModifiedBy": {
        "login": "admin"
      },
      "lastModifiedOn": 1747315967416
    },
    "RECIPE.compute_cities_50km_rad": {
      "versionNumber": 1,
      "lastModifiedBy": {
        "login": "admin"
      },
      "lastModifiedOn": 1747309505315
    },
    "RECIPE.compute_city_lat_long": {
      "versionNumber": 6,
      "lastModifiedBy": {
        "login": "admin"
      },
      "lastModifiedOn": 1747309991085
    },
    "RECIPE.compute_cleint_credit_profile": {
      "versionNumber": 1,
      "lastModifiedBy": {
        "login": "admin"
      },
      "lastModifiedOn": 1747219401828
    },
    "RECIPE.compute_cleint_prof_with_cbil_label": {
      "versionNumber": 1,
      "lastModifiedBy": {
        "login": "admin"
      },
      "lastModifiedOn": 1747223158264
    },
    "RECIPE.compute_client_profile": {
      "versionNumber": 1,
      "lastModifiedBy": {
        "login": "admin"
      },
      "lastModifiedOn": 1747219361244
    },
    "RECIPE.compute_client_profile_with_credit_score": {
      "versionNumber": 2,
      "lastModifiedBy": {
        "login": "admin"
      },
      "lastModifiedOn": 1747223049624
    },
    "RECIPE.compute_cross_join_tran_act": {
      "versionNumber": 3,
      "lastModifiedBy": {
        "login": "admin"
      },
      "lastModifiedOn": 1747316323192
    },
    "RECIPE.compute_entitlement": {
      "versionNumber": 1,
      "lastModifiedBy": {
        "login": "admin"
      },
      "lastModifiedOn": 1747219418346
    },
    "RECIPE.compute_entitlement_prepared": {
      "versionNumber": 0,
      "lastModifiedBy": {
        "login": "admin"
      },
      "lastModifiedOn": 1747220188976
    },
    "RECIPE.compute_fraud_labels": {
      "versionNumber": 1,
      "lastModifiedBy": {
        "login": "admin"
      },
      "lastModifiedOn": 1747219319970
    },
    "RECIPE.compute_fraud_labels_feats": {
      "versionNumber": 1,
      "lastModifiedBy": {
        "login": "admin"
      },
      "lastModifiedOn": 1747222894295
    },
    "RECIPE.compute_lat_long_map_geo_pt": {
      "versionNumber": 1,
      "lastModifiedBy": {
        "login": "admin"
      },
      "lastModifiedOn": 1747319538396
    },
    "RECIPE.compute_location_map": {
      "versionNumber": 10,
      "lastModifiedBy": {
        "login": "admin"
      },
      "lastModifiedOn": 1747314473862
    },
    "RECIPE.compute_location_translate": {
      "versionNumber": 29,
      "lastModifiedBy": {
        "login": "admin"
      },
      "lastModifiedOn": 1747320711933
    },
    "RECIPE.compute_location_translate_prepared": {
      "versionNumber": 5,
      "lastModifiedBy": {
        "login": "admin"
      },
      "lastModifiedOn": 1747315983224
    },
    "RECIPE.compute_modifying_truth_of_credit_score": {
      "versionNumber": 24,
      "lastModifiedBy": {
        "login": "admin"
      },
      "lastModifiedOn": 1747304326984
    },
    "RECIPE.compute_sample": {
      "versionNumber": 0,
      "lastModifiedBy": {
        "login": "admin"
      },
      "lastModifiedOn": 1747306033149
    },
    "RECIPE.compute_tran_with_alt_cities": {
      "versionNumber": 6,
      "lastModifiedBy": {
        "login": "admin"
      },
      "lastModifiedOn": 1747317545058
    },
    "RECIPE.compute_trans_enriched_details": {
      "versionNumber": 3,
      "lastModifiedBy": {
        "login": "admin"
      },
      "lastModifiedOn": 1747319645869
    },
    "RECIPE.compute_transaction": {
      "versionNumber": 1,
      "lastModifiedBy": {
        "login": "admin"
      },
      "lastModifiedOn": 1747219385131
    },
    "RECIPE.compute_transaction_generated": {
      "versionNumber": 0,
      "lastModifiedBy": {
        "login": "admin"
      },
      "lastModifiedOn": 1747219450631
    },
    "RECIPE.compute_transaction_processing": {
      "versionNumber": 7,
      "lastModifiedBy": {
        "login": "admin"
      },
      "lastModifiedOn": 1747316061612
    },
    "RECIPE.compute_transaction_with_label": {
      "versionNumber": 3,
      "lastModifiedBy": {
        "login": "admin"
      },
      "lastModifiedOn": 1747316084763
    },
    "RECIPE.compute_user_credit_profile": {
      "versionNumber": 1,
      "lastModifiedBy": {
        "login": "admin"
      },
      "lastModifiedOn": 1747327822230
    },
    "RECIPE.compute_user_profile_data": {
      "versionNumber": 1,
      "lastModifiedBy": {
        "login": "admin"
      },
      "lastModifiedOn": 1747327661132
    },
    "RECIPE.pca_transaction_processing": {
      "versionNumber": 2,
      "lastModifiedBy": {
        "login": "admin"
      },
      "lastModifiedOn": 1747222756115
    },
    "STATISTICS_WORKSHEET.H8KCUCH053": {
      "versionNumber": 2,
      "lastModifiedBy": {
        "login": "admin"
      },
      "lastModifiedOn": 1747302908784
    },
    "STATISTICS_WORKSHEET.asF0lIXV3z": {
      "versionNumber": 4,
      "lastModifiedBy": {
        "login": "admin"
      },
      "lastModifiedOn": 1747223707071
    }
  }
}