{
  "name": "personal_user_based_features",
  "color": "#0F786B",
  "items": [
    {
      "objectId": "compute_user_profile",
      "objectType": "RECIPE"
    },
    {
      "objectId": "user_profile",
      "objectType": "DATASET"
    },
    {
      "objectId": "user_profile_email_disect",
      "objectType": "DATASET"
    },
    {
      "objectId": "compute_user_profile_email_disect",
      "objectType": "RECIPE"
    },
    {
      "objectId": "risky_domains",
      "objectType": "DATASET"
    },
    {
      "objectId": "compute_risky_domains",
      "objectType": "RECIPE"
    },
    {
      "objectId": "user_profile_with_risk_email_ind",
      "objectType": "DATASET"
    },
    {
      "objectId": "compute_user_profile_with_risk_email_ind",
      "objectType": "RECIPE"
    }
  ],
  "shared": [
    {
      "objectId": "FRAUD_DETECTION_acc_user_profile",
      "objectType": "DATASET"
    },
    {
      "objectId": "FRAUD_DETECTION_fraud_labels_1",
      "objectType": "DATASET"
    }
  ],
  "position": {},
  "tags": [],
  "customFields": {},
  "checklists": {
    "checklists": []
  }
}