{
  "name": "Behaviour based Features",
  "color": "#D03713",
  "items": [
    {
      "objectId": "compute_trans_with_fraud_lables",
      "objectType": "RECIPE"
    },
    {
      "objectId": "trans_with_fraud_lables",
      "objectType": "DATASET"
    },
    {
      "objectId": "compute_activity_with_fraud_labels",
      "objectType": "RECIPE"
    },
    {
      "objectId": "activity_with_fraud_labels",
      "objectType": "DATASET"
    },
    {
      "objectId": "activity_compliment_tran",
      "objectType": "DATASET"
    },
    {
      "objectId": "compute_activity_compliment_tran",
      "objectType": "RECIPE"
    },
    {
      "objectId": "act_tran_geo_palcements",
      "objectType": "DATASET"
    },
    {
      "objectId": "compute_act_tran_geo_palcements",
      "objectType": "RECIPE"
    },
    {
      "objectId": "act_tran_geo_palcements_prepared",
      "objectType": "DATASET"
    },
    {
      "objectId": "compute_act_tran_geo_palcements_prepared",
      "objectType": "RECIPE"
    },
    {
      "objectId": "act_features",
      "objectType": "DATASET"
    },
    {
      "objectId": "compute_act_features",
      "objectType": "RECIPE"
    }
  ],
  "shared": [
    {
      "objectId": "FRAUD_DETECTION_user_system_activity_log",
      "objectType": "DATASET"
    },
    {
      "objectId": "FRAUD_DETECTION_user_transactions",
      "objectType": "DATASET"
    },
    {
      "objectId": "FRAUD_DETECTION_fraud_labels_1",
      "objectType": "DATASET"
    }
  ],
  "position": {},
  "tags": [],
  "customFields": {},
  "checklists": {
    "checklists": []
  }
}