{
  "name": "feature_consolidation",
  "color": "#0F786B",
  "items": [
    {
      "objectId": "compute_features",
      "objectType": "RECIPE"
    },
    {
      "objectId": "features",
      "objectType": "DATASET"
    }
  ],
  "shared": [
    {
      "objectId": "user_profile_with_risk_email_ind",
      "objectType": "DATASET"
    },
    {
      "objectId": "credit_worthiness_with_labels",
      "objectType": "DATASET"
    },
    {
      "objectId": "act_features",
      "objectType": "DATASET"
    }
  ],
  "position": {},
  "tags": [],
  "customFields": {},
  "checklists": {
    "checklists": []
  }
}