{
  "type": "python",
  "neverRecomputeExistingPartitions": false,
  "params": {
    "envSelection": {
      "envMode": "INHERIT"
    },
    "containerSelection": {
      "containerMode": "INHERIT"
    },
    "skipPrerunValidate": false
  },
  "customMeta": {
    "kv": {}
  },
  "redispatchPartitioning": false,
  "maxRunningActivities": 0,
  "hashPropagationBehavior": "INHERIT",
  "variables": {},
  "dkuProperties": [],
  "inputs": {
    "main": {
      "items": [
        {
          "ref": "activity_log_with_label",
          "deps": []
        },
        {
          "ref": "location_map",
          "deps": []
        }
      ]
    }
  },
  "outputs": {
    "main": {
      "items": [
        {
          "ref": "location_translate",
          "appendMode": false
        }
      ]
    }
  },
  "labels": [],
  "creationTag": {
    "versionNumber": 0,
    "lastModifiedBy": {
      "login": "admin"
    },
    "lastModifiedOn": 1747219737129
  },
  "tags": [],
  "customFields": {},
  "checklists": {
    "checklists": []
  }
}