{
  "type": "sql_query",
  "neverRecomputeExistingPartitions": false,
  "params": {
    "allowMultipleConnections": false,
    "displayExecutionPlan": true,
    "sqlPipelineParams": {
      "pipelineAllowStart": true,
      "pipelineAllowMerge": true
    },
    "variablesExpansionLoopConfig": {
      "enabled": false,
      "mode": "CREATE_VARIABLE_FOR_EACH_COLUMN",
      "replacements": []
    },
    "skipPrerunValidate": false
  },
  "customMeta": {
    "kv": {}
  },
  "redispatchPartitioning": false,
  "maxRunningActivities": 0,
  "hashPropagationBehavior": "INHERIT",
  "variables": {},
  "dkuProperties": [],
  "inputs": {
    "main": {
      "items": [
        {
          "ref": "transaction_with_label",
          "deps": []
        },
        {
          "ref": "location_translate_prepared",
          "deps": []
        }
      ]
    }
  },
  "outputs": {
    "main": {
      "items": [
        {
          "ref": "cross_join_tran_act",
          "appendMode": false
        }
      ]
    }
  },
  "labels": [],
  "creationTag": {
    "versionNumber": 0,
    "lastModifiedBy": {
      "login": "admin"
    },
    "lastModifiedOn": 1747308603706
  },
  "tags": [],
  "customFields": {},
  "checklists": {
    "checklists": []
  }
}