{
  "starred": false,
  "clusterMetas": {},
  "sessionName": "Experiment_1",
  "customMeta": {
    "kv": {}
  },
  "tags": [],
  "activeClassifierThreshold": 0.0,
  "description": "",
  "name": "SVM (Experiment_1)",
  "labels": [
    {
      "key": "trainDataset:dataset-name",
      "value": "train"
    },
    {
      "key": "testDataset:dataset-name",
      "value": "train"
    },
    {
      "key": "evaluationDataset:dataset-name",
      "value": "train"
    },
    {
      "key": "model:algorithm",
      "value": "SVC_CLASSIFICATION"
    },
    {
      "key": "model:name",
      "value": "SVM (Experiment_1)"
    },
    {
      "key": "model:session-name",
      "value": "Experiment_1"
    }
  ]
}