{
  "dataSpec": {
    "inputDatasetSmartName": "activity_with_fraud_labels",
    "datasetSelection": {
      "useMemTable": false,
      "filter": {
        "distinct": false,
        "enabled": false
      },
      "partitionSelectionMethod": "ALL",
      "latestPartitionsN": 1,
      "ordering": {
        "enabled": false,
        "rules": []
      },
      "samplingMethod": "HEAD_SEQUENTIAL",
      "maxRecords": 100000,
      "targetRatio": 0.02,
      "ascending": false,
      "withinFirstN": -1,
      "maxReadUncompressedBytes": -1,
      "seed": 1337
    },
    "autoRefreshSample": true,
    "refreshTrigger": 0,
    "containerSelection": {
      "containerMode": "INHERIT"
    }
  },
  "rootCard": {
    "type": "worksheet_root",
    "confidenceLevel": 0.95,
    "showConfidenceInterval": false,
    "cards": [
      {
        "type": "bivariate_header",
        "yColumn": {
          "name": "is_synthetic",
          "type": "CONTINUOUS"
        },
        "showMosaicPlot": true,
        "showHistogram": true,
        "showScatterPlot": false,
        "showFrequencyTable": true,
        "showBoxPlot": true,
        "showSummary": true,
        "xColumns": [
          {
            "name": "access_type",
            "type": "CATEGORICAL"
          }
        ],
        "cards": [
          {
            "type": "column_card",
            "column": {
              "name": "access_type",
              "type": "CATEGORICAL"
            },
            "cards": [
              {
                "type": "bivariate_box_plot",
                "maxValues": 5,
                "groupOthers": true,
                "binningMode": "AUTO",
                "customBinningBoundaries": [],
                "xColumn": {
                  "name": "access_type",
                  "type": "CATEGORICAL"
                },
                "yColumn": {
                  "name": "is_synthetic",
                  "type": "CONTINUOUS"
                },
                "id": "bEh9Ok6"
              },
              {
                "type": "bivariate_histogram",
                "xBinningMode": "AUTO",
                "yBinningMode": "AUTO",
                "maxValuesX": 5,
                "maxValuesY": 5,
                "groupWithOthersX": true,
                "groupWithOthersY": true,
                "xCustomBinningBoundaries": [],
                "yCustomBinningBoundaries": [],
                "xColumn": {
                  "name": "access_type",
                  "type": "CATEGORICAL"
                },
                "yColumn": {
                  "name": "is_synthetic",
                  "type": "CONTINUOUS"
                },
                "id": "mCvsBIh"
              },
              {
                "type": "mosaic_plot",
                "xBinningMode": "AUTO",
                "yBinningMode": "AUTO",
                "maxValuesX": 5,
                "maxValuesY": 5,
                "groupWithOthersX": true,
                "groupWithOthersY": true,
                "xCustomBinningBoundaries": [],
                "yCustomBinningBoundaries": [],
                "xColumn": {
                  "name": "access_type",
                  "type": "CATEGORICAL"
                },
                "yColumn": {
                  "name": "is_synthetic",
                  "type": "CONTINUOUS"
                },
                "id": "QMXVNt5"
              },
              {
                "type": "bivariate_summary",
                "confidenceLevel": 0.95,
                "showConfidenceInterval": false,
                "compute": {
                  "spearman": true,
                  "pearson": true,
                  "totalCount": true,
                  "covariance": true,
                  "kendallTau": true,
                  "mutualInformation": true,
                  "completeCount": true,
                  "chi2": false,
                  "oneWayAnova": false,
                  "nSampleMood": false,
                  "kolmogorovSmirnov": false
                },
                "xColumn": {
                  "name": "access_type",
                  "type": "CATEGORICAL"
                },
                "yColumn": {
                  "name": "is_synthetic",
                  "type": "CONTINUOUS"
                },
                "id": "H13CWQZ"
              },
              {
                "type": "bivariate_frequency_table",
                "xBinningMode": "AUTO",
                "yBinningMode": "AUTO",
                "maxValuesX": 5,
                "maxValuesY": 5,
                "groupWithOthersX": true,
                "groupWithOthersY": true,
                "xCustomBinningBoundaries": [],
                "yCustomBinningBoundaries": [],
                "xColumn": {
                  "name": "access_type",
                  "type": "CATEGORICAL"
                },
                "yColumn": {
                  "name": "is_synthetic",
                  "type": "CONTINUOUS"
                },
                "id": "D3QhrwU"
              }
            ],
            "id": "fiipCsp"
          }
        ],
        "id": "peCr0Tg"
      }
    ],
    "id": "0TCPtki"
  },
  "name": "Worksheet",
  "creationTag": {
    "versionNumber": 0,
    "lastModifiedBy": {
      "login": "admin"
    },
    "lastModifiedOn": 1747683336263
  },
  "tags": [],
  "customFields": {},
  "checklists": {
    "checklists": []
  }
}