{
    "startedAt": 1747748312165,
    "gridSize": 2,
    "nThreads": 4,
    "nSplits": 5,
    "metric": "ROC_AUC",
    "timeout": null,
    "gridPoints": [
        {
            "finishedAt": 1747748314238,
            "score": 1.0,
            "testScoreGibMean": 1.0,
            "testScoreMean": 1.0,
            "testScoreStd": 0.0,
            "trainScoreMean": 1.0,
            "trainScoreStd": 0.0,
            "time": 6120,
            "fitTimeMean": 913.4,
            "fitTimeStd": 180.30818062417467,
            "scoreTimeMean": 310.6,
            "scoreTimeStd": 48.05247132042222,
            "parameters": {
                "max_depth": 6,
                "max_features": "sqrt",
                "min_samples_leaf": 1,
                "n_estimators": 100,
                "min_samples_split": 3
            }
        },
        {
            "finishedAt": 1747748314916,
            "score": 1.0,
            "testScoreGibMean": 1.0,
            "testScoreMean": 1.0,
            "testScoreStd": 0.0,
            "trainScoreMean": 1.0,
            "trainScoreStd": 0.0,
            "time": 3515,
            "fitTimeMean": 480.8,
            "fitTimeStd": 71.5049648625884,
            "scoreTimeMean": 222.2,
            "scoreTimeStd": 9.15204895091804,
            "parameters": {
                "max_depth": 14,
                "max_features": "sqrt",
                "min_samples_leaf": 1,
                "n_estimators": 100,
                "min_samples_split": 3
            }
        }
    ]
}