{
  "params": {
    "ttPolicy": "SPLIT_SINGLE_DATASET",
    "ssdSplitMode": "RANDOM",
    "splitBeforePrepare": true,
    "ssdSelection": {
      "useMemTable": false,
      "filter": {
        "distinct": false,
        "enabled": false
      },
      "partitionSelectionMethod": "ALL",
      "latestPartitionsN": 1,
      "ordering": {
        "enabled": false,
        "rules": []
      },
      "samplingMethod": "HEAD_SEQUENTIAL",
      "maxRecords": 100000,
      "targetRatio": 0.02,
      "ascending": true,
      "withinFirstN": -1,
      "maxReadUncompressedBytes": -1,
      "seed": 1337
    },
    "ssdTrainingRatio": 0.8,
    "ssdStratified": false,
    "ssdGrouped": false,
    "ssdSeed": 1337,
    "testOnLargerValues": true,
    "streamAll": false,
    "kfold": false,
    "nFolds": 5,
    "instanceIdRefresher": 0,
    "subSamplingSeed": 1337
  },
  "generationDate": 1747748302763,
  "policyId": "type\u003dSPLIT_SINGLE_DATASET,split\u003dRANDOM,splitBeforePrepare\u003dtrue,ds\u003dtrain,sel\u003d(method\u003dhead-s,records\u003d100000),r\u003d0.8,s\u003d1337",
  "instanceId": "f9734009c9ed922b8c9520c2b514427f-0",
  "format": "csv1",
  "schema": {
    "columns": [
      {"name":"user_id","type":"string"},
      {"name":"dob","type":"dateonly"},
      {"name":"age_of_user","type":"bigint"},
      {"name":"email","type":"string"},
      {"name":"email_localpart","type":"string"},
      {"name":"email_domain","type":"string"},
      {"name":"phone","type":"string"},
      {"name":"ssn","type":"string"},
      {"name":"address","type":"string"},
      {"name":"registration_date","type":"dateonly"},
      {"name":"age_of_acc","type":"double"},
      {"name":"is_synthetic","type":"bigint"},
      {"name":"email_risk_ind","type":"double"},
      {"name":"total_credit_limit","type":"double"},
      {"name":"credit_score","type":"bigint"},
      {"name":"current_utilization","type":"bigint"},
      {"name":"delinquencies","type":"bigint"},
      {"name":"num_loans","type":"bigint"},
      {"name":"ind_risk_tran_typ_wt","type":"double"},
      {"name":"ind_risk_merch_cat_wt","type":"double"},
      {"name":"ind_risk_dist_wt","type":"double"}
    ],
    "userModified": false
  },
  "trainPath": "train-f9734009c9ed922b8c9520c2b514427f-0.csv.gz",
  "testPath": "test-f9734009c9ed922b8c9520c2b514427f-0.csv.gz",
  "trainRows": 637,
  "testRows": 163,
  "fullRows": 0
}