{
  "type": "sql_query",
  "neverRecomputeExistingPartitions": false,
  "params": {
    "allowMultipleConnections": false,
    "displayExecutionPlan": true,
    "sqlPipelineParams": {
      "pipelineAllowStart": true,
      "pipelineAllowMerge": true
    },
    "variablesExpansionLoopConfig": {
      "enabled": false,
      "mode": "CREATE_VARIABLE_FOR_EACH_COLUMN",
      "replacements": []
    },
    "skipPrerunValidate": false
  },
  "customMeta": {
    "kv": {}
  },
  "redispatchPartitioning": false,
  "maxRunningActivities": 0,
  "hashPropagationBehavior": "INHERIT",
  "variables": {},
  "dkuProperties": [],
  "inputs": {
    "main": {
      "items": [
        {
          "ref": "FRAUD_DETECTION_acc_user_profile",
          "deps": []
        },
        {
          "ref": "FRAUD_DETECTION_fraud_labels_1",
          "deps": []
        }
      ]
    }
  },
  "outputs": {
    "main": {
      "items": [
        {
          "ref": "user_profile",
          "appendMode": false
        }
      ]
    }
  },
  "labels": [],
  "creationTag": {
    "versionNumber": 0,
    "lastModifiedBy": {
      "login": "admin"
    },
    "lastModifiedOn": 1747680594949
  },
  "tags": [],
  "customFields": {},
  "checklists": {
    "checklists": []
  }
}