{
  "type": "join",
  "neverRecomputeExistingPartitions": false,
  "customMeta": {
    "kv": {}
  },
  "redispatchPartitioning": false,
  "maxRunningActivities": 0,
  "hashPropagationBehavior": "INHERIT",
  "variables": {},
  "dkuProperties": [],
  "inputs": {
    "main": {
      "items": [
        {
          "ref": "FRAUD_DETECTION_user_system_activity_log",
          "deps": []
        },
        {
          "ref": "FRAUD_DETECTION_fraud_labels_1",
          "deps": []
        }
      ]
    }
  },
  "outputs": {
    "main": {
      "items": [
        {
          "ref": "activity_with_fraud_labels",
          "appendMode": false
        }
      ]
    }
  },
  "labels": [],
  "creationTag": {
    "versionNumber": 0,
    "lastModifiedBy": {
      "login": "admin"
    },
    "lastModifiedOn": 1747683286909
  },
  "tags": [],
  "customFields": {},
  "checklists": {
    "checklists": []
  }
}