[
    {
        "test_score_gib": 1.0,
        "train_score": 1.0,
        "test_score": 1.0,
        "num_samples": 128,
        "fit_time": 37,
        "score_time": 34,
        "time": 71,
        "parameters": {
            "C": 0.1,
            "penalty": "l2"
        },
        "done_at": 1747748312248,
        "split_id": 0
    },
    {
        "test_score_gib": 1.0,
        "train_score": 1.0,
        "test_score": 1.0,
        "num_samples": 128,
        "fit_time": 36,
        "score_time": 46,
        "time": 82,
        "parameters": {
            "C": 0.1,
            "penalty": "l2"
        },
        "done_at": 1747748312258,
        "split_id": 1
    },
    {
        "test_score_gib": 1.0,
        "train_score": 1.0,
        "test_score": 1.0,
        "num_samples": 127,
        "fit_time": 27,
        "score_time": 33,
        "time": 60,
        "parameters": {
            "C": 0.1,
            "penalty": "l2"
        },
        "done_at": 1747748312252,
        "split_id": 2
    },
    {
        "test_score_gib": 1.0,
        "train_score": 1.0,
        "test_score": 1.0,
        "num_samples": 127,
        "fit_time": 23,
        "score_time": 38,
        "time": 61,
        "parameters": {
            "C": 0.1,
            "penalty": "l2"
        },
        "done_at": 1747748312258,
        "split_id": 3
    },
    {
        "test_score_gib": 1.0,
        "train_score": 1.0,
        "test_score": 1.0,
        "num_samples": 127,
        "fit_time": 12,
        "score_time": 45,
        "time": 57,
        "parameters": {
            "C": 0.1,
            "penalty": "l2"
        },
        "done_at": 1747748312319,
        "split_id": 4
    },
    {
        "test_score_gib": 1.0,
        "train_score": 1.0,
        "test_score": 1.0,
        "num_samples": 128,
        "fit_time": 15,
        "score_time": 31,
        "time": 46,
        "parameters": {
            "C": 0.01,
            "penalty": "l2"
        },
        "done_at": 1747748312310,
        "split_id": 0
    },
    {
        "test_score_gib": 1.0,
        "train_score": 1.0,
        "test_score": 1.0,
        "num_samples": 128,
        "fit_time": 14,
        "score_time": 35,
        "time": 49,
        "parameters": {
            "C": 0.01,
            "penalty": "l2"
        },
        "done_at": 1747748312318,
        "split_id": 1
    },
    {
        "test_score_gib": 1.0,
        "train_score": 1.0,
        "test_score": 1.0,
        "num_samples": 127,
        "fit_time": 15,
        "score_time": 42,
        "time": 57,
        "parameters": {
            "C": 0.01,
            "penalty": "l2"
        },
        "done_at": 1747748312320,
        "split_id": 2
    },
    {
        "test_score_gib": 1.0,
        "train_score": 1.0,
        "test_score": 1.0,
        "num_samples": 127,
        "fit_time": 4,
        "score_time": 23,
        "time": 27,
        "parameters": {
            "C": 0.01,
            "penalty": "l2"
        },
        "done_at": 1747748312349,
        "split_id": 3
    },
    {
        "test_score_gib": 1.0,
        "train_score": 1.0,
        "test_score": 1.0,
        "num_samples": 127,
        "fit_time": 20,
        "score_time": 50,
        "time": 70,
        "parameters": {
            "C": 0.01,
            "penalty": "l2"
        },
        "done_at": 1747748312405,
        "split_id": 4
    },
    {
        "test_score_gib": 1.0,
        "train_score": 1.0,
        "test_score": 1.0,
        "num_samples": 128,
        "fit_time": 9,
        "score_time": 29,
        "time": 38,
        "parameters": {
            "C": 10.0,
            "penalty": "l2"
        },
        "done_at": 1747748312387,
        "split_id": 0
    },
    {
        "test_score_gib": 1.0,
        "train_score": 1.0,
        "test_score": 1.0,
        "num_samples": 128,
        "fit_time": 22,
        "score_time": 33,
        "time": 55,
        "parameters": {
            "C": 10.0,
            "penalty": "l2"
        },
        "done_at": 1747748312399,
        "split_id": 1
    },
    {
        "test_score_gib": 1.0,
        "train_score": 1.0,
        "test_score": 1.0,
        "num_samples": 127,
        "fit_time": 10,
        "score_time": 31,
        "time": 41,
        "parameters": {
            "C": 10.0,
            "penalty": "l2"
        },
        "done_at": 1747748312398,
        "split_id": 2
    },
    {
        "test_score_gib": 1.0,
        "train_score": 1.0,
        "test_score": 1.0,
        "num_samples": 127,
        "fit_time": 12,
        "score_time": 27,
        "time": 39,
        "parameters": {
            "C": 10.0,
            "penalty": "l2"
        },
        "done_at": 1747748312438,
        "split_id": 3
    },
    {
        "test_score_gib": 1.0,
        "train_score": 1.0,
        "test_score": 1.0,
        "num_samples": 127,
        "fit_time": 6,
        "score_time": 17,
        "time": 23,
        "parameters": {
            "C": 10.0,
            "penalty": "l2"
        },
        "done_at": 1747748312430,
        "split_id": 4
    },
    {
        "test_score_gib": 1.0,
        "train_score": 1.0,
        "test_score": 1.0,
        "num_samples": 128,
        "fit_time": 13,
        "score_time": 31,
        "time": 44,
        "parameters": {
            "C": 1.0,
            "penalty": "l2"
        },
        "done_at": 1747748312462,
        "split_id": 0
    },
    {
        "test_score_gib": 1.0,
        "train_score": 1.0,
        "test_score": 1.0,
        "num_samples": 128,
        "fit_time": 6,
        "score_time": 24,
        "time": 30,
        "parameters": {
            "C": 1.0,
            "penalty": "l2"
        },
        "done_at": 1747748312446,
        "split_id": 1
    },
    {
        "test_score_gib": 1.0,
        "train_score": 1.0,
        "test_score": 1.0,
        "num_samples": 127,
        "fit_time": 11,
        "score_time": 16,
        "time": 27,
        "parameters": {
            "C": 1.0,
            "penalty": "l2"
        },
        "done_at": 1747748312470,
        "split_id": 2
    },
    {
        "test_score_gib": 1.0,
        "train_score": 1.0,
        "test_score": 1.0,
        "num_samples": 127,
        "fit_time": 5,
        "score_time": 38,
        "time": 43,
        "parameters": {
            "C": 1.0,
            "penalty": "l2"
        },
        "done_at": 1747748312502,
        "split_id": 3
    },
    {
        "test_score_gib": 1.0,
        "train_score": 1.0,
        "test_score": 1.0,
        "num_samples": 127,
        "fit_time": 14,
        "score_time": 28,
        "time": 42,
        "parameters": {
            "C": 1.0,
            "penalty": "l2"
        },
        "done_at": 1747748312504,
        "split_id": 4
    },
    {
        "test_score_gib": 1.0,
        "train_score": 1.0,
        "test_score": 1.0,
        "num_samples": 128,
        "fit_time": 2,
        "score_time": 39,
        "time": 41,
        "parameters": {
            "C": 100.0,
            "penalty": "l2"
        },
        "done_at": 1747748312516,
        "split_id": 0
    },
    {
        "test_score_gib": 1.0,
        "train_score": 1.0,
        "test_score": 1.0,
        "num_samples": 128,
        "fit_time": 5,
        "score_time": 31,
        "time": 36,
        "parameters": {
            "C": 100.0,
            "penalty": "l2"
        },
        "done_at": 1747748312515,
        "split_id": 1
    },
    {
        "test_score_gib": 1.0,
        "train_score": 1.0,
        "test_score": 1.0,
        "num_samples": 127,
        "fit_time": 22,
        "score_time": 18,
        "time": 40,
        "parameters": {
            "C": 100.0,
            "penalty": "l2"
        },
        "done_at": 1747748312547,
        "split_id": 2
    },
    {
        "test_score_gib": 1.0,
        "train_score": 1.0,
        "test_score": 1.0,
        "num_samples": 127,
        "fit_time": 17,
        "score_time": 8,
        "time": 25,
        "parameters": {
            "C": 100.0,
            "penalty": "l2"
        },
        "done_at": 1747748312538,
        "split_id": 3
    },
    {
        "test_score_gib": 1.0,
        "train_score": 1.0,
        "test_score": 1.0,
        "num_samples": 127,
        "fit_time": 5,
        "score_time": 22,
        "time": 27,
        "parameters": {
            "C": 100.0,
            "penalty": "l2"
        },
        "done_at": 1747748312548,
        "split_id": 4
    }
]