{
    "startedAt": 1747748312167,
    "gridSize": 5,
    "nThreads": 4,
    "nSplits": 5,
    "metric": "ROC_AUC",
    "timeout": null,
    "gridPoints": [
        {
            "finishedAt": 1747748312319,
            "score": 1.0,
            "testScoreGibMean": 1.0,
            "testScoreMean": 1.0,
            "testScoreStd": 0.0,
            "trainScoreMean": 1.0,
            "trainScoreStd": 0.0,
            "time": 331,
            "fitTimeMean": 27.0,
            "fitTimeStd": 9.186947262284681,
            "scoreTimeMean": 39.2,
            "scoreTimeStd": 5.418486873657627,
            "parameters": {
                "C": 0.1,
                "penalty": "l2"
            }
        },
        {
            "finishedAt": 1747748312405,
            "score": 1.0,
            "testScoreGibMean": 1.0,
            "testScoreMean": 1.0,
            "testScoreStd": 0.0,
            "trainScoreMean": 1.0,
            "trainScoreStd": 0.0,
            "time": 249,
            "fitTimeMean": 13.6,
            "fitTimeStd": 5.238320341483518,
            "scoreTimeMean": 36.2,
            "scoreTimeStd": 9.239047569960876,
            "parameters": {
                "C": 0.01,
                "penalty": "l2"
            }
        },
        {
            "finishedAt": 1747748312438,
            "score": 1.0,
            "testScoreGibMean": 1.0,
            "testScoreMean": 1.0,
            "testScoreStd": 0.0,
            "trainScoreMean": 1.0,
            "trainScoreStd": 0.0,
            "time": 196,
            "fitTimeMean": 11.8,
            "fitTimeStd": 5.455272678794342,
            "scoreTimeMean": 27.4,
            "scoreTimeStd": 5.571355310873647,
            "parameters": {
                "C": 10.0,
                "penalty": "l2"
            }
        },
        {
            "finishedAt": 1747748312504,
            "score": 1.0,
            "testScoreGibMean": 1.0,
            "testScoreMean": 1.0,
            "testScoreStd": 0.0,
            "trainScoreMean": 1.0,
            "trainScoreStd": 0.0,
            "time": 186,
            "fitTimeMean": 9.8,
            "fitTimeStd": 3.655133376499413,
            "scoreTimeMean": 27.4,
            "scoreTimeStd": 7.310266752998827,
            "parameters": {
                "C": 1.0,
                "penalty": "l2"
            }
        },
        {
            "finishedAt": 1747748312548,
            "score": 1.0,
            "testScoreGibMean": 1.0,
            "testScoreMean": 1.0,
            "testScoreStd": 0.0,
            "trainScoreMean": 1.0,
            "trainScoreStd": 0.0,
            "time": 169,
            "fitTimeMean": 10.2,
            "fitTimeStd": 7.833262411026455,
            "scoreTimeMean": 23.6,
            "scoreTimeStd": 10.669582934679312,
            "parameters": {
                "C": 100.0,
                "penalty": "l2"
            }
        }
    ]
}