{
  "state": "FAILED",
  "failure": {
    "errorType": "com.dataiku.dip.io.SocketBlockLinkKernelException",
    "message": "Failed to train : \u003cclass \u0027xgboost.core.XGBoostError\u0027\u003e : \nXGBoost Library (libxgboost.dylib) could not be loaded.\nLikely causes:\n  * OpenMP runtime is not installed\n    - vcomp140.dll or libgomp-1.dll for Windows\n    - libomp.dylib for Mac OSX\n    - libgomp.so for Linux and other UNIX-like OSes\n    Mac OSX users: Run `brew install libomp` to install OpenMP runtime.\n\n  * You are running 32-bit Python on a 64-bit OS\n\nError message(s): [\"dlopen(/Users/sushil/Library/DataScienceStudio/kits/dataiku-dss-13.5.0-osx/python37.packages/xgboost/lib/libxgboost.dylib, 0x0006): Library not loaded: /usr/local/opt/libomp/lib/libomp.dylib\\n  Referenced from: \u003c4D0FF2E5-E6B5-33EC-95A4-F63DEE574377\u003e /Users/sushil/Library/DataScienceStudio/kits/dataiku-dss-13.5.0-osx/python37.packages/xgboost/lib/libxgboost.dylib\\n  Reason: tried: \u0027/usr/local/opt/libomp/lib/libomp.dylib\u0027 (no such file), \u0027/System/Volumes/Preboot/Cryptexes/OS/usr/local/opt/libomp/lib/libomp.dylib\u0027 (no such file), \u0027/usr/local/opt/libomp/lib/libomp.dylib\u0027 (no such file), \u0027/usr/local/lib/libomp.dylib\u0027 (no such file), \u0027/usr/lib/libomp.dylib\u0027 (no such file, not in dyld cache)\"]\n",
    "detailedMessage": "Failed to train : \u003cclass \u0027xgboost.core.XGBoostError\u0027\u003e : \nXGBoost Library (libxgboost.dylib) could not be loaded.\nLikely causes:\n  * OpenMP runtime is not installed\n    - vcomp140.dll or libgomp-1.dll for Windows\n    - libomp.dylib for Mac OSX\n    - libgomp.so for Linux and other UNIX-like OSes\n    Mac OSX users: Run `brew install libomp` to install OpenMP runtime.\n\n  * You are running 32-bit Python on a 64-bit OS\n\nError message(s): [\"dlopen(/Users/sushil/Library/DataScienceStudio/kits/dataiku-dss-13.5.0-osx/python37.packages/xgboost/lib/libxgboost.dylib, 0x0006): Library not loaded: /usr/local/opt/libomp/lib/libomp.dylib\\n  Referenced from: \u003c4D0FF2E5-E6B5-33EC-95A4-F63DEE574377\u003e /Users/sushil/Library/DataScienceStudio/kits/dataiku-dss-13.5.0-osx/python37.packages/xgboost/lib/libxgboost.dylib\\n  Reason: tried: \u0027/usr/local/opt/libomp/lib/libomp.dylib\u0027 (no such file), \u0027/System/Volumes/Preboot/Cryptexes/OS/usr/local/opt/libomp/lib/libomp.dylib\u0027 (no such file), \u0027/usr/local/opt/libomp/lib/libomp.dylib\u0027 (no such file), \u0027/usr/local/lib/libomp.dylib\u0027 (no such file), \u0027/usr/lib/libomp.dylib\u0027 (no such file, not in dyld cache)\"]\n",
    "detailedMessageHTML": "\u003cspan\u003e\u003cspan class\u003d\"err-msg\"\u003eFailed to train : \u0026lt;class \u0027xgboost.core.XGBoostError\u0027\u0026gt; : \nXGBoost Library (libxgboost.dylib) could not be loaded.\nLikely causes:\n  * OpenMP runtime is not installed\n    - vcomp140.dll or libgomp-1.dll for Windows\n    - libomp.dylib for Mac OSX\n    - libgomp.so for Linux and other UNIX-like OSes\n    Mac OSX users: Run `brew install libomp` to install OpenMP runtime.\n\n  * You are running 32-bit Python on a 64-bit OS\n\nError message(s): [\u0026quot;dlopen(/Users/sushil/Library/DataScienceStudio/kits/dataiku-dss-13.5.0-osx/python37.packages/xgboost/lib/libxgboost.dylib, 0x0006): Library not loaded: /usr/local/opt/libomp/lib/libomp.dylib\\n  Referenced from: \u0026lt;4D0FF2E5-E6B5-33EC-95A4-F63DEE574377\u0026gt; /Users/sushil/Library/DataScienceStudio/kits/dataiku-dss-13.5.0-osx/python37.packages/xgboost/lib/libxgboost.dylib\\n  Reason: tried: \u0027/usr/local/opt/libomp/lib/libomp.dylib\u0027 (no such file), \u0027/System/Volumes/Preboot/Cryptexes/OS/usr/local/opt/libomp/lib/libomp.dylib\u0027 (no such file), \u0027/usr/local/opt/libomp/lib/libomp.dylib\u0027 (no such file), \u0027/usr/local/lib/libomp.dylib\u0027 (no such file), \u0027/usr/lib/libomp.dylib\u0027 (no such file, not in dyld cache)\u0026quot;]\n\u003c/span\u003e\u003c/span\u003e",
    "stackTraceStr": "com.dataiku.dip.io.SocketBlockLinkKernelException: Failed to train : \u003cclass \u0027xgboost.core.XGBoostError\u0027\u003e : \nXGBoost Library (libxgboost.dylib) could not be loaded.\nLikely causes:\n  * OpenMP runtime is not installed\n    - vcomp140.dll or libgomp-1.dll for Windows\n    - libomp.dylib for Mac OSX\n    - libgomp.so for Linux and other UNIX-like OSes\n    Mac OSX users: Run `brew install libomp` to install OpenMP runtime.\n\n  * You are running 32-bit Python on a 64-bit OS\n\nError message(s): [\"dlopen(/Users/sushil/Library/DataScienceStudio/kits/dataiku-dss-13.5.0-osx/python37.packages/xgboost/lib/libxgboost.dylib, 0x0006): Library not loaded: /usr/local/opt/libomp/lib/libomp.dylib\\n  Referenced from: \u003c4D0FF2E5-E6B5-33EC-95A4-F63DEE574377\u003e /Users/sushil/Library/DataScienceStudio/kits/dataiku-dss-13.5.0-osx/python37.packages/xgboost/lib/libxgboost.dylib\\n  Reason: tried: \u0027/usr/local/opt/libomp/lib/libomp.dylib\u0027 (no such file), \u0027/System/Volumes/Preboot/Cryptexes/OS/usr/local/opt/libomp/lib/libomp.dylib\u0027 (no such file), \u0027/usr/local/opt/libomp/lib/libomp.dylib\u0027 (no such file), \u0027/usr/local/lib/libomp.dylib\u0027 (no such file), \u0027/usr/lib/libomp.dylib\u0027 (no such file, not in dyld cache)\"]\n\n\tat com.dataiku.dip.io.SocketBlockLinkInteraction.throwExceptionFromPython(SocketBlockLinkInteraction.java:306)\n\tat com.dataiku.dip.io.SocketBlockLinkInteraction$AsyncResult.checkException(SocketBlockLinkInteraction.java:219)\n\tat com.dataiku.dip.io.SocketBlockLinkInteraction$AsyncResult.get(SocketBlockLinkInteraction.java:194)\n\tat com.dataiku.dip.io.SingleCommandKernelLink$1.call(SingleCommandKernelLink.java:215)\n\tat com.dataiku.dip.analysis.ml.prediction.PredictionTrainAdditionalThread.process(PredictionTrainAdditionalThread.java:76)\n\tat com.dataiku.dip.analysis.ml.shared.PRNSTrainThread.run(PRNSTrainThread.java:164)\nFile /Users/sushil/Library/DataScienceStudio/kits/dataiku-dss-13.5.0-osx/python/dataiku/doctor/server.py, line 45, in serve\n\tret \u003d api_command(arg)\nFile /Users/sushil/Library/DataScienceStudio/kits/dataiku-dss-13.5.0-osx/python/dataiku/doctor/dkuapi.py, line 46, in aux\n\treturn api(**kwargs)\nFile /Users/sushil/Library/DataScienceStudio/kits/dataiku-dss-13.5.0-osx/python/dataiku/doctor/commands.py, line 391, in train_prediction_models_nosave\n\tml_overrides_params)\nFile /Users/sushil/Library/DataScienceStudio/kits/dataiku-dss-13.5.0-osx/python/dataiku/doctor/prediction_entrypoints.py, line 132, in prediction_train_score_save\n\tModelSerializer.build(model, model_folder_context, train_X.columns(), calibrate_proba).serialize()\nFile /Users/sushil/Library/DataScienceStudio/kits/dataiku-dss-13.5.0-osx/python/dataiku/doctor/prediction/prediction_model_serialization.py, line 96, in serialize\n\tdump_model_to_folder(self.clf, self.model_folder_context, pkl_filename\u003dpkl_filename)\nFile /Users/sushil/Library/DataScienceStudio/kits/dataiku-dss-13.5.0-osx/python/dataiku/doctor/utils/model_io.py, line 43, in dump_model_to_folder\n\tfrom dataiku.doctor.prediction.dku_xgboost import DkuXGBClassifier\nFile /Users/sushil/Library/DataScienceStudio/kits/dataiku-dss-13.5.0-osx/python/dataiku/doctor/prediction/dku_xgboost.py, line 9, in \u003cmodule\u003e\n\timport xgboost\nFile /Users/sushil/Library/DataScienceStudio/kits/dataiku-dss-13.5.0-osx/python37.packages/xgboost/__init__.py, line 9, in \u003cmodule\u003e\n\tfrom .core import DMatrix, DeviceQuantileDMatrix, Booster, DataIter\nFile /Users/sushil/Library/DataScienceStudio/kits/dataiku-dss-13.5.0-osx/python37.packages/xgboost/core.py, line 203, in \u003cmodule\u003e\n\t_LIB \u003d _load_lib()\nFile /Users/sushil/Library/DataScienceStudio/kits/dataiku-dss-13.5.0-osx/python37.packages/xgboost/core.py, line 194, in _load_lib\n\t\"\"\")\n",
    "stackTrace": [
      {
        "file": "SocketBlockLinkInteraction.java",
        "line": 306,
        "function": "com.dataiku.dip.io.SocketBlockLinkInteraction.throwExceptionFromPython"
      },
      {
        "file": "SocketBlockLinkInteraction.java",
        "line": 219,
        "function": "com.dataiku.dip.io.SocketBlockLinkInteraction$AsyncResult.checkException"
      },
      {
        "file": "SocketBlockLinkInteraction.java",
        "line": 194,
        "function": "com.dataiku.dip.io.SocketBlockLinkInteraction$AsyncResult.get"
      },
      {
        "file": "SingleCommandKernelLink.java",
        "line": 215,
        "function": "com.dataiku.dip.io.SingleCommandKernelLink$1.call"
      },
      {
        "file": "PredictionTrainAdditionalThread.java",
        "line": 76,
        "function": "com.dataiku.dip.analysis.ml.prediction.PredictionTrainAdditionalThread.process"
      },
      {
        "file": "PRNSTrainThread.java",
        "line": 164,
        "function": "com.dataiku.dip.analysis.ml.shared.PRNSTrainThread.run"
      },
      {
        "file": "CausedBy",
        "line": 0,
        "function": "foreign code"
      },
      {
        "file": "/Users/sushil/Library/DataScienceStudio/kits/dataiku-dss-13.5.0-osx/python/dataiku/doctor/server.py",
        "line": 45,
        "function": "serve"
      },
      {
        "line": 0,
        "function": "\tret \u003d api_command(arg)"
      },
      {
        "file": "/Users/sushil/Library/DataScienceStudio/kits/dataiku-dss-13.5.0-osx/python/dataiku/doctor/dkuapi.py",
        "line": 46,
        "function": "aux"
      },
      {
        "line": 0,
        "function": "\treturn api(**kwargs)"
      },
      {
        "file": "/Users/sushil/Library/DataScienceStudio/kits/dataiku-dss-13.5.0-osx/python/dataiku/doctor/commands.py",
        "line": 391,
        "function": "train_prediction_models_nosave"
      },
      {
        "line": 0,
        "function": "\tml_overrides_params)"
      },
      {
        "file": "/Users/sushil/Library/DataScienceStudio/kits/dataiku-dss-13.5.0-osx/python/dataiku/doctor/prediction_entrypoints.py",
        "line": 132,
        "function": "prediction_train_score_save"
      },
      {
        "line": 0,
        "function": "\tModelSerializer.build(model, model_folder_context, train_X.columns(), calibrate_proba).serialize()"
      },
      {
        "file": "/Users/sushil/Library/DataScienceStudio/kits/dataiku-dss-13.5.0-osx/python/dataiku/doctor/prediction/prediction_model_serialization.py",
        "line": 96,
        "function": "serialize"
      },
      {
        "line": 0,
        "function": "\tdump_model_to_folder(self.clf, self.model_folder_context, pkl_filename\u003dpkl_filename)"
      },
      {
        "file": "/Users/sushil/Library/DataScienceStudio/kits/dataiku-dss-13.5.0-osx/python/dataiku/doctor/utils/model_io.py",
        "line": 43,
        "function": "dump_model_to_folder"
      },
      {
        "line": 0,
        "function": "\tfrom dataiku.doctor.prediction.dku_xgboost import DkuXGBClassifier"
      },
      {
        "file": "/Users/sushil/Library/DataScienceStudio/kits/dataiku-dss-13.5.0-osx/python/dataiku/doctor/prediction/dku_xgboost.py",
        "line": 9,
        "function": "\u003cmodule\u003e"
      },
      {
        "line": 0,
        "function": "\timport xgboost"
      },
      {
        "file": "/Users/sushil/Library/DataScienceStudio/kits/dataiku-dss-13.5.0-osx/python37.packages/xgboost/__init__.py",
        "line": 9,
        "function": "\u003cmodule\u003e"
      },
      {
        "line": 0,
        "function": "\tfrom .core import DMatrix, DeviceQuantileDMatrix, Booster, DataIter"
      },
      {
        "file": "/Users/sushil/Library/DataScienceStudio/kits/dataiku-dss-13.5.0-osx/python37.packages/xgboost/core.py",
        "line": 203,
        "function": "\u003cmodule\u003e"
      },
      {
        "line": 0,
        "function": "\t_LIB \u003d _load_lib()"
      },
      {
        "file": "/Users/sushil/Library/DataScienceStudio/kits/dataiku-dss-13.5.0-osx/python37.packages/xgboost/core.py",
        "line": 194,
        "function": "_load_lib"
      },
      {
        "line": 0,
        "function": "\t\"\"\")"
      }
    ],
    "logTail": {
      "totalLines": 591,
      "lines": [
        "[2025-05-20 19:08:32,504] [91742/Thread-5:local-3] [INFO] [dataiku.doctor.distributed.work_scheduler] Task T20 done on local-3",
        "[2025-05-20 19:08:32,504] [91742/Thread-5:local-3] [INFO] [dataiku.doctor.distributed.work_scheduler] Running task T23 on local-3...",
        "[2025-05-20 19:08:32,504] [91742/Thread-5:local-3] [INFO] [dataiku.doctor.crossval.search_context] Fit s\u003d2: C\u003d100.0, penalty\u003dl2 .............................................",
        "[2025-05-20 19:08:32,511] [91742/MainThread] [INFO] [dataiku.doctor.distributed.work_scheduler] Enqueued task T24",
        "[2025-05-20 19:08:32,511] [91742/MainThread] [INFO] [dataiku.doctor.crossval.search_evaluator] Schedule evaluation on split 4: {\u0027C\u0027: 100.0, \u0027penalty\u0027: \u0027l2\u0027}",
        "[2025-05-20 19:08:32,512] [91742/Thread-3:local-1] [INFO] [dataiku.doctor.distributed.work_scheduler] Running task T24 on local-1...",
        "[2025-05-20 19:08:32,513] [91742/Thread-3:local-1] [INFO] [dataiku.doctor.crossval.search_context] Fit s\u003d3: C\u003d100.0, penalty\u003dl2 .............................................",
        "[2025-05-20 19:08:32,515] [91742/Thread-4:local-2] [INFO] [dataiku.doctor.crossval.search_context] Done s\u003d1: C\u003d100.0, penalty\u003dl2 (ft\u003d0.0 st\u003d0.0 sc\u003d1.0, sg\u003d1)",
        "[2025-05-20 19:08:32,515] [91742/Thread-4:local-2] [INFO] [dataiku.doctor.distributed.work_scheduler] Task T22 done on local-2",
        "[2025-05-20 19:08:32,516] [91742/Thread-2:local-0] [INFO] [dataiku.doctor.crossval.search_context] Done s\u003d0: C\u003d100.0, penalty\u003dl2 (ft\u003d0.0 st\u003d0.0 sc\u003d1.0, sg\u003d1)",
        "[2025-05-20 19:08:32,517] [91742/Thread-2:local-0] [INFO] [dataiku.doctor.distributed.work_scheduler] Task T21 done on local-0",
        "[2025-05-20 19:08:32,518] [91742/MainThread] [INFO] [dataiku.doctor.distributed.work_scheduler] Enqueued task T25",
        "[2025-05-20 19:08:32,519] [91742/Thread-4:local-2] [INFO] [dataiku.doctor.distributed.work_scheduler] Running task T25 on local-2...",
        "[2025-05-20 19:08:32,519] [91742/Thread-4:local-2] [INFO] [dataiku.doctor.crossval.search_context] Fit s\u003d4: C\u003d100.0, penalty\u003dl2 .............................................",
        "[2025-05-20 19:08:32,538] [91742/Thread-3:local-1] [INFO] [dataiku.doctor.crossval.search_context] Done s\u003d3: C\u003d100.0, penalty\u003dl2 (ft\u003d0.0 st\u003d0.0 sc\u003d1.0, sg\u003d1)",
        "[2025-05-20 19:08:32,538] [91742/Thread-3:local-1] [INFO] [dataiku.doctor.distributed.work_scheduler] Task T24 done on local-1",
        "[2025-05-20 19:08:32,545] [91742/Thread-5:local-3] [INFO] [dataiku.doctor.crossval.search_context] Done s\u003d2: C\u003d100.0, penalty\u003dl2 (ft\u003d0.0 st\u003d0.0 sc\u003d1.0, sg\u003d1)",
        "[2025-05-20 19:08:32,547] [91742/Thread-4:local-2] [INFO] [dataiku.doctor.crossval.search_context] Done s\u003d4: C\u003d100.0, penalty\u003dl2 (ft\u003d0.0 st\u003d0.0 sc\u003d1.0, sg\u003d1)",
        "[2025-05-20 19:08:32,548] [91742/Thread-5:local-3] [INFO] [dataiku.doctor.distributed.work_scheduler] Task T23 done on local-3",
        "[2025-05-20 19:08:32,548] [91742/Thread-4:local-2] [INFO] [dataiku.doctor.distributed.work_scheduler] Task T25 done on local-2",
        "[2025-05-20 19:08:33,170] [91742/Thread-1] [INFO] [dataiku.doctor.crossval.search_runner] Completed search for hyperparameters",
        "[2025-05-20 19:08:33,178] [91742/Thread-1] [INFO] [dataiku.doctor.distributed.work_scheduler] Scheduler has been soft interrupted",
        "[2025-05-20 19:08:33,181] [91742/MainThread] [INFO] [dataiku.doctor.distributed.work_scheduler] Scheduler has been hard interrupted (shutdown)",
        "[2025-05-20 19:08:33,182] [91742/Thread-2:local-0] [INFO] [dataiku.doctor.distributed.local_worker] Stopping worker: local-0",
        "[2025-05-20 19:08:33,182] [91742/Thread-3:local-1] [INFO] [dataiku.doctor.distributed.local_worker] Stopping worker: local-1",
        "[2025-05-20 19:08:33,182] [91742/Thread-4:local-2] [INFO] [dataiku.doctor.distributed.local_worker] Stopping worker: local-2",
        "[2025-05-20 19:08:33,182] [91742/Thread-5:local-3] [ERROR] [dataiku.doctor.distributed.work_scheduler] All workers are dead, interrupt the scheduler",
        "[2025-05-20 19:08:33,182] [91742/Thread-2:local-0] [INFO] [dataiku.doctor.distributed.local_worker] Stopped worker: local-0",
        "[2025-05-20 19:08:33,183] [91742/Thread-3:local-1] [INFO] [dataiku.doctor.distributed.local_worker] Stopped worker: local-1",
        "[2025-05-20 19:08:33,183] [91742/Thread-4:local-2] [INFO] [dataiku.doctor.distributed.local_worker] Stopped worker: local-2",
        "[2025-05-20 19:08:33,184] [91742/Thread-5:local-3] [INFO] [dataiku.doctor.distributed.local_worker] Stopping worker: local-3",
        "[2025-05-20 19:08:33,184] [91742/Thread-5:local-3] [INFO] [dataiku.doctor.distributed.local_worker] Stopped worker: local-3",
        "[2025-05-20 19:08:33,184] [91742/MainThread] [INFO] [dataiku.doctor.crossval.search_runner] Hyperparameter search done, best_parameters being : {\u0027C\u0027: 0.1, \u0027penalty\u0027: \u0027l2\u0027}",
        "[2025-05-20 19:08:33,186] [91742/MainThread] [INFO] [dataiku.doctor.utils.listener] END -  Hyperparameter searching",
        "[2025-05-20 19:08:33,187] [91742/MainThread] [INFO] [dataiku.doctor.utils.listener] START -  Fitting model",
        "[2025-05-20 19:08:33,189] [91742/MainThread] [INFO] [dataiku.doctor.prediction.common] Fitting model:",
        "[2025-05-20 19:08:33,193] [91742/MainThread] [INFO] [dataiku.doctor.prediction.common]   Model is: LogisticRegression(C\u003d0.1,",
        "                   class_weight\u003d{0: 0.5587719298245614, 1: 4.753731343283582},",
        "                   multi_class\u003d\u0027ovr\u0027, random_state\u003d1337, solver\u003d\u0027liblinear\u0027)",
        "[2025-05-20 19:08:33,193] [91742/MainThread] [INFO] [dataiku.doctor.prediction.common]   train_X class: \u003cclass \u0027numpy.ndarray\u0027\u003e",
        "[2025-05-20 19:08:33,193] [91742/MainThread] [INFO] [dataiku.doctor.prediction.common]   train_X shape: (637, 9)",
        "[2025-05-20 19:08:33,193] [91742/MainThread] [INFO] [dataiku.doctor.prediction.common]   train_y shape: (637,)",
        "[2025-05-20 19:08:33,202] [91742/MainThread] [INFO] [dataiku.doctor.prediction.classification_fit] LR Params are {\u0027C\u0027: 0.1, \u0027class_weight\u0027: {0: 0.5587719298245614, 1: 4.753731343283582}, \u0027dual\u0027: False, \u0027fit_intercept\u0027: True, \u0027intercept_scaling\u0027: 1, \u0027l1_ratio\u0027: None, \u0027max_iter\u0027: 100, \u0027multi_class\u0027: \u0027ovr\u0027, \u0027n_jobs\u0027: None, \u0027penalty\u0027: \u0027l2\u0027, \u0027random_state\u0027: 1337, \u0027solver\u0027: \u0027liblinear\u0027, \u0027tol\u0027: 0.0001, \u0027verbose\u0027: 0, \u0027warm_start\u0027: False} ",
        "[2025-05-20 19:08:33,202] [91742/MainThread] [INFO] [dataiku.doctor.prediction.classification_fit] Output params are {\u0027resolved\u0027: {\u0027algorithm\u0027: \u0027LOGISTIC_REGRESSION\u0027, \u0027skipExpensiveReports\u0027: False, \u0027logit\u0027: {\u0027penalty\u0027: \u0027l2\u0027, \u0027multi_class\u0027: \u0027ovr\u0027, \u0027C\u0027: 0.1}}, \u0027other\u0027: {}}",
        "[2025-05-20 19:08:33,203] [91742/MainThread] [INFO] [dataiku.doctor.prediction.scoring_base] No feature importance in classifier",
        "[2025-05-20 19:08:33,205] [91742/MainThread] [INFO] [dataiku.doctor.utils.listener] END -  Fitting model",
        "[2025-05-20 19:08:33,205] [91742/MainThread] [INFO] [dataiku.doctor.utils.listener] START -  Saving model",
        "[2025-05-20 19:08:33,887] [91742/MainThread] [INFO] [dataiku.doctor.utils.listener] END -  Saving model",
        "Traceback (most recent call last):",
        "  File \"/Users/sushil/Library/DataScienceStudio/kits/dataiku-dss-13.5.0-osx/python/dataiku/doctor/server.py\", line 45, in serve",
        "    ret \u003d api_command(arg)",
        "  File \"/Users/sushil/Library/DataScienceStudio/kits/dataiku-dss-13.5.0-osx/python/dataiku/doctor/dkuapi.py\", line 46, in aux",
        "    return api(**kwargs)",
        "  File \"/Users/sushil/Library/DataScienceStudio/kits/dataiku-dss-13.5.0-osx/python/dataiku/doctor/commands.py\", line 391, in train_prediction_models_nosave",
        "    ml_overrides_params)",
        "  File \"/Users/sushil/Library/DataScienceStudio/kits/dataiku-dss-13.5.0-osx/python/dataiku/doctor/prediction_entrypoints.py\", line 132, in prediction_train_score_save",
        "    ModelSerializer.build(model, model_folder_context, train_X.columns(), calibrate_proba).serialize()",
        "  File \"/Users/sushil/Library/DataScienceStudio/kits/dataiku-dss-13.5.0-osx/python/dataiku/doctor/prediction/prediction_model_serialization.py\", line 96, in serialize",
        "    dump_model_to_folder(self.clf, self.model_folder_context, pkl_filename\u003dpkl_filename)",
        "  File \"/Users/sushil/Library/DataScienceStudio/kits/dataiku-dss-13.5.0-osx/python/dataiku/doctor/utils/model_io.py\", line 43, in dump_model_to_folder",
        "    from dataiku.doctor.prediction.dku_xgboost import DkuXGBClassifier",
        "  File \"/Users/sushil/Library/DataScienceStudio/kits/dataiku-dss-13.5.0-osx/python/dataiku/doctor/prediction/dku_xgboost.py\", line 9, in \u003cmodule\u003e",
        "    import xgboost",
        "  File \"/Users/sushil/Library/DataScienceStudio/kits/dataiku-dss-13.5.0-osx/python37.packages/xgboost/__init__.py\", line 9, in \u003cmodule\u003e",
        "    from .core import DMatrix, DeviceQuantileDMatrix, Booster, DataIter",
        "  File \"/Users/sushil/Library/DataScienceStudio/kits/dataiku-dss-13.5.0-osx/python37.packages/xgboost/core.py\", line 203, in \u003cmodule\u003e",
        "    _LIB \u003d _load_lib()",
        "  File \"/Users/sushil/Library/DataScienceStudio/kits/dataiku-dss-13.5.0-osx/python37.packages/xgboost/core.py\", line 194, in _load_lib",
        "    \"\"\")",
        "xgboost.core.XGBoostError: ",
        "XGBoost Library (libxgboost.dylib) could not be loaded.",
        "Likely causes:",
        "  * OpenMP runtime is not installed",
        "    - vcomp140.dll or libgomp-1.dll for Windows",
        "    - libomp.dylib for Mac OSX",
        "    - libgomp.so for Linux and other UNIX-like OSes",
        "    Mac OSX users: Run `brew install libomp` to install OpenMP runtime.",
        "  * You are running 32-bit Python on a 64-bit OS",
        "Error message(s): [\"dlopen(/Users/sushil/Library/DataScienceStudio/kits/dataiku-dss-13.5.0-osx/python37.packages/xgboost/lib/libxgboost.dylib, 0x0006): Library not loaded: /usr/local/opt/libomp/lib/libomp.dylib\\n  Referenced from: \u003c4D0FF2E5-E6B5-33EC-95A4-F63DEE574377\u003e /Users/sushil/Library/DataScienceStudio/kits/dataiku-dss-13.5.0-osx/python37.packages/xgboost/lib/libxgboost.dylib\\n  Reason: tried: \u0027/usr/local/opt/libomp/lib/libomp.dylib\u0027 (no such file), \u0027/System/Volumes/Preboot/Cryptexes/OS/usr/local/opt/libomp/lib/libomp.dylib\u0027 (no such file), \u0027/usr/local/opt/libomp/lib/libomp.dylib\u0027 (no such file), \u0027/usr/local/lib/libomp.dylib\u0027 (no such file), \u0027/usr/lib/libomp.dylib\u0027 (no such file, not in dyld cache)\"]",
        "[2025-05-20 19:08:33,892] [91742/MainThread] [INFO] [dataiku.base.socket_block_link] Client closed"
      ],
      "status": [
        1,
        1,
        1,
        1,
        1,
        1,
        1,
        1,
        1,
        1,
        1,
        1,
        1,
        1,
        1,
        1,
        1,
        1,
        1,
        1,
        1,
        1,
        1,
        1,
        1,
        1,
        3,
        1,
        1,
        1,
        1,
        1,
        1,
        1,
        1,
        1,
        1,
        1,
        1,
        1,
        1,
        1,
        1,
        1,
        1,
        1,
        1,
        1,
        3,
        1,
        1,
        1,
        1,
        1,
        1,
        1,
        1,
        1,
        1,
        1,
        1,
        1,
        1,
        1,
        1,
        1,
        1,
        1,
        1,
        1,
        1,
        1,
        1,
        1,
        1,
        1,
        1,
        1,
        1,
        1
      ],
      "maxLevel": 3,
      "maxLevelFirstLine": 26
    }
  },
  "preSearchDescription": {
    "gridLength": 5,
    "searchStrategy": "GRID",
    "importantParams": [
      {
        "name": "penalty",
        "vals": [
          "l2"
        ]
      },
      {
        "name": "C",
        "vals": [
          "0.01",
          "0.1",
          "1.0",
          "10.0",
          "100.0"
        ]
      }
    ]
  },
  "resumed": false,
  "timeOrderingEnabled": false,
  "sampleWeightsEnabled": false,
  "modelId": "m1",
  "progress": {
    "top_level_todo": [
      "Scoring model",
      "Preparing explainability"
    ],
    "stack": [
      {
        "name": "Saving model",
        "target": 0.0,
        "cur": 0.0,
        "important": false,
        "depth": 0,
        "startTimestamp": 1747748313205,
        "msSinceStart": 0
      }
    ],
    "top_level_done": [
      {
        "name": "Loading train set",
        "time": 2030
      },
      {
        "name": "Loading test set",
        "time": 33
      },
      {
        "name": "Collecting statistics",
        "time": 23
      },
      {
        "name": "Preprocessing train set",
        "time": 48
      },
      {
        "name": "Preprocessing test set",
        "time": 22
      },
      {
        "name": "Hyperparameter searching",
        "time": 1585
      },
      {
        "name": "Fitting model",
        "time": 17
      }
    ]
  },
  "startTime": 1747748309441,
  "endTime": 0,
  "preprocessingTime": 0,
  "trainingTime": 0,
  "hyperparamsSearchTime": 1585,
  "pythonVersion": "3.7.13",
  "packagesVersion": {
    "pandas": "1.1.5",
    "scikit-learn": "1.0.2",
    "scipy": "1.7.3",
    "lightgbm": "4.6.0",
    "protobuf": "4.23.0",
    "flask": "2.2.5",
    "itsdangerous": "2.1.2",
    "jinja2": "3.0.3",
    "xgboost": "1.5.2",
    "werkzeug": "2.2.3",
    "statsmodels": "0.13.5",
    "pillow": "9.5.0",
    "markupsafe": "2.1.5",
    "cloudpickle": "1.5.0"
  }
}