{
  "dataSpec": {
    "inputDatasetSmartName": "cleint_prof_with_cbil_label",
    "datasetSelection": {
      "useMemTable": false,
      "filter": {
        "distinct": false,
        "enabled": false
      },
      "partitionSelectionMethod": "ALL",
      "latestPartitionsN": 1,
      "ordering": {
        "enabled": false,
        "rules": []
      },
      "samplingMethod": "HEAD_SEQUENTIAL",
      "maxRecords": 100000,
      "targetRatio": 0.02,
      "ascending": false,
      "withinFirstN": -1,
      "maxReadUncompressedBytes": -1,
      "seed": 1337
    },
    "autoRefreshSample": true,
    "refreshTrigger": 0,
    "containerSelection": {
      "containerMode": "INHERIT"
    }
  },
  "rootCard": {
    "type": "worksheet_root",
    "confidenceLevel": 0.95,
    "showConfidenceInterval": false,
    "cards": [
      {
        "type": "scatter_plot_3d",
        "symbolSize": 4,
        "maxNumberOfPoints": 100000,
        "xColumn": {
          "name": "credit_score",
          "type": "CATEGORICAL"
        },
        "yColumn": {
          "name": "current_utilization",
          "type": "CATEGORICAL"
        },
        "zColumn": {
          "name": "num_loans",
          "type": "CATEGORICAL"
        },
        "id": "HM1bOuf"
      }
    ],
    "id": "1MpqvyR"
  },
  "name": "Worksheet",
  "creationTag": {
    "versionNumber": 0,
    "lastModifiedBy": {
      "login": "admin"
    },
    "lastModifiedOn": 1747223628311
  },
  "tags": [],
  "customFields": {},
  "checklists": {
    "checklists": []
  }
}