{
  "pages": [
    {
      "id": "lm1X5Tq",
      "grid": {
        "tiles": [
          {
            "tileType": "INSIGHT",
            "box": {
              "top": 27,
              "left": 0,
              "width": 35,
              "height": 16
            },
            "clickAction": "DO_NOTHING",
            "tileParams": {
              "showXAxis": true,
              "showYAxis": true,
              "showLegend": false,
              "showBrush": false,
              "inheritLegendPlacement": true,
              "legendPlacement": "OUTER_RIGHT",
              "showTooltips": true,
              "autoPlayAnimation": true
            },
            "backgroundOpacity": 1.0,
            "autoLoad": true,
            "locked": false,
            "borderOptions": {
              "color": "#D9D9D9",
              "radius": 0,
              "size": 1
            },
            "titleOptions": {
              "showTitle": "YES",
              "fontColor": "#000",
              "fontSize": 13
            },
            "insightId": "mFztifi",
            "insightType": "chart",
            "displayMode": "INSIGHT",
            "resizeImageMode": "FIT_SIZE"
          },
          {
            "tileType": "TEXT",
            "box": {
              "top": 22,
              "left": 0,
              "width": 35,
              "height": 5
            },
            "clickAction": "DO_NOTHING",
            "tileParams": {
              "text": "## How credit score / credit util is distributed across fraud and non-frauds",
              "textAlign": "CENTER"
            },
            "backgroundOpacity": 1.0,
            "autoLoad": true,
            "locked": false,
            "borderOptions": {
              "color": "#D9D9D9",
              "radius": 0,
              "size": 1
            },
            "titleOptions": {
              "showTitle": "YES",
              "fontColor": "#000",
              "fontSize": 13
            },
            "displayMode": "INSIGHT",
            "resizeImageMode": "FIT_SIZE"
          },
          {
            "tileType": "TEXT",
            "box": {
              "top": 45,
              "left": 0,
              "width": 35,
              "height": 5
            },
            "clickAction": "DO_NOTHING",
            "tileParams": {
              "text": "## How credit score / Total Credit Line is distributed across fraud and non-frauds",
              "textAlign": "CENTER"
            },
            "backgroundOpacity": 1.0,
            "autoLoad": true,
            "locked": false,
            "borderOptions": {
              "color": "#D9D9D9",
              "radius": 0,
              "size": 1
            },
            "titleOptions": {
              "showTitle": "YES",
              "fontColor": "#000",
              "fontSize": 13
            },
            "displayMode": "INSIGHT",
            "resizeImageMode": "FIT_SIZE"
          },
          {
            "tileType": "INSIGHT",
            "box": {
              "top": 50,
              "left": 0,
              "width": 35,
              "height": 15
            },
            "clickAction": "DO_NOTHING",
            "tileParams": {
              "showXAxis": true,
              "showYAxis": true,
              "showLegend": false,
              "showBrush": false,
              "inheritLegendPlacement": true,
              "legendPlacement": "OUTER_RIGHT",
              "showTooltips": true,
              "autoPlayAnimation": true
            },
            "backgroundOpacity": 1.0,
            "autoLoad": true,
            "locked": false,
            "borderOptions": {
              "color": "#D9D9D9",
              "radius": 0,
              "size": 1
            },
            "titleOptions": {
              "showTitle": "YES",
              "fontColor": "#000",
              "fontSize": 13
            },
            "insightId": "nWB2Vtd",
            "insightType": "chart",
            "displayMode": "INSIGHT",
            "resizeImageMode": "FIT_SIZE"
          },
          {
            "tileType": "TEXT",
            "box": {
              "top": 68,
              "left": 0,
              "width": 35,
              "height": 5
            },
            "clickAction": "DO_NOTHING",
            "tileParams": {
              "text": "## How number of loans (current) is distributed across fraud and non-frauds",
              "textAlign": "CENTER"
            },
            "backgroundOpacity": 1.0,
            "autoLoad": true,
            "locked": false,
            "borderOptions": {
              "color": "#D9D9D9",
              "radius": 0,
              "size": 1
            },
            "titleOptions": {
              "showTitle": "YES",
              "fontColor": "#000",
              "fontSize": 13
            },
            "displayMode": "INSIGHT",
            "resizeImageMode": "FIT_SIZE"
          },
          {
            "tileType": "INSIGHT",
            "box": {
              "top": 73,
              "left": 18,
              "width": 17,
              "height": 12
            },
            "clickAction": "DO_NOTHING",
            "tileParams": {
              "showXAxis": true,
              "showYAxis": true,
              "showLegend": false,
              "showBrush": false,
              "inheritLegendPlacement": true,
              "legendPlacement": "OUTER_RIGHT",
              "showTooltips": true,
              "autoPlayAnimation": true
            },
            "backgroundOpacity": 1.0,
            "autoLoad": true,
            "locked": false,
            "borderOptions": {
              "color": "#D9D9D9",
              "radius": 0,
              "size": 1
            },
            "titleOptions": {
              "showTitle": "YES",
              "fontColor": "#000",
              "fontSize": 13
            },
            "insightId": "xbhVU7v",
            "insightType": "chart",
            "displayMode": "INSIGHT",
            "resizeImageMode": "FIT_SIZE"
          },
          {
            "tileType": "INSIGHT",
            "box": {
              "top": 73,
              "left": 0,
              "width": 18,
              "height": 12
            },
            "clickAction": "DO_NOTHING",
            "tileParams": {
              "showXAxis": true,
              "showYAxis": true,
              "showLegend": false,
              "showBrush": false,
              "inheritLegendPlacement": true,
              "legendPlacement": "OUTER_RIGHT",
              "showTooltips": true,
              "autoPlayAnimation": true
            },
            "backgroundOpacity": 1.0,
            "autoLoad": true,
            "locked": false,
            "borderOptions": {
              "color": "#D9D9D9",
              "radius": 0,
              "size": 1
            },
            "titleOptions": {
              "showTitle": "YES",
              "fontColor": "#000",
              "fontSize": 13
            },
            "insightId": "bnzR5r5",
            "insightType": "chart",
            "displayMode": "INSIGHT",
            "resizeImageMode": "FIT_SIZE"
          },
          {
            "tileType": "TEXT",
            "box": {
              "top": 0,
              "left": 0,
              "width": 35,
              "height": 5
            },
            "clickAction": "DO_NOTHING",
            "tileParams": {
              "text": "## Distribution of fraud and non-frauds",
              "textAlign": "CENTER"
            },
            "backgroundOpacity": 1.0,
            "autoLoad": true,
            "locked": false,
            "borderOptions": {
              "color": "#D9D9D9",
              "radius": 0,
              "size": 1
            },
            "titleOptions": {
              "showTitle": "YES",
              "fontColor": "#000",
              "fontSize": 13
            },
            "displayMode": "INSIGHT",
            "resizeImageMode": "FIT_SIZE"
          },
          {
            "tileType": "INSIGHT",
            "box": {
              "top": 5,
              "left": 0,
              "width": 35,
              "height": 14
            },
            "clickAction": "DO_NOTHING",
            "tileParams": {
              "showXAxis": true,
              "showYAxis": true,
              "showLegend": false,
              "showBrush": false,
              "inheritLegendPlacement": true,
              "legendPlacement": "OUTER_RIGHT",
              "showTooltips": true,
              "autoPlayAnimation": true
            },
            "backgroundOpacity": 1.0,
            "autoLoad": true,
            "locked": false,
            "borderOptions": {
              "color": "#D9D9D9",
              "radius": 0,
              "size": 1
            },
            "titleOptions": {
              "showTitle": "YES",
              "fontColor": "#000",
              "fontSize": 13
            },
            "insightId": "U2ELzM5",
            "insightType": "chart",
            "displayMode": "INSIGHT",
            "resizeImageMode": "FIT_SIZE"
          }
        ]
      },
      "title": "Creditworthiness",
      "show": true,
      "showTitle": true,
      "titleAlign": "CENTER",
      "titleFontColor": "#444444",
      "titleFontSize": 28,
      "enableCrossFilters": true,
      "backgroundColor": "#ffffff",
      "showFilterPanel": true,
      "filtersParams": {
        "panelPosition": "TOP",
        "engineType": "LINO"
      }
    },
    {
      "id": "aa8h7KH",
      "grid": {
        "tiles": [
          {
            "tileType": "INSIGHT",
            "box": {
              "top": 4,
              "left": 0,
              "width": 35,
              "height": 12
            },
            "clickAction": "DO_NOTHING",
            "tileParams": {
              "showXAxis": true,
              "showYAxis": true,
              "showLegend": false,
              "showBrush": false,
              "inheritLegendPlacement": true,
              "legendPlacement": "OUTER_RIGHT",
              "showTooltips": true,
              "autoPlayAnimation": true
            },
            "backgroundOpacity": 1.0,
            "autoLoad": true,
            "locked": false,
            "borderOptions": {
              "color": "#D9D9D9",
              "radius": 0,
              "size": 1
            },
            "titleOptions": {
              "showTitle": "YES",
              "fontColor": "#000",
              "fontSize": 13
            },
            "insightId": "9Drsdlv",
            "insightType": "chart",
            "displayMode": "INSIGHT",
            "resizeImageMode": "FIT_SIZE"
          },
          {
            "tileType": "TEXT",
            "box": {
              "top": 0,
              "left": 0,
              "width": 35,
              "height": 3
            },
            "clickAction": "DO_NOTHING",
            "tileParams": {
              "text": "## Age of the Account - Behavior across Fraud and Non-Frauds",
              "textAlign": "LEFT"
            },
            "backgroundOpacity": 1.0,
            "autoLoad": true,
            "locked": false,
            "borderOptions": {
              "color": "#D9D9D9",
              "radius": 0,
              "size": 1
            },
            "titleOptions": {
              "showTitle": "NO",
              "fontColor": "#000",
              "fontSize": 13
            },
            "displayMode": "INSIGHT",
            "resizeImageMode": "FIT_SIZE"
          },
          {
            "tileType": "TEXT",
            "box": {
              "top": 18,
              "left": 0,
              "width": 35,
              "height": 4
            },
            "clickAction": "DO_NOTHING",
            "tileParams": {
              "text": "## Age of Client - Behavior across Fraud and Non-Frauds - Indicating Elderly abuse",
              "textAlign": "LEFT"
            },
            "backgroundOpacity": 1.0,
            "autoLoad": true,
            "locked": false,
            "borderOptions": {
              "color": "#D9D9D9",
              "radius": 0,
              "size": 1
            },
            "titleOptions": {
              "showTitle": "NO",
              "fontColor": "#000",
              "fontSize": 13
            },
            "displayMode": "INSIGHT",
            "resizeImageMode": "FIT_SIZE"
          },
          {
            "tileType": "INSIGHT",
            "box": {
              "top": 22,
              "left": 0,
              "width": 35,
              "height": 14
            },
            "clickAction": "DO_NOTHING",
            "tileParams": {
              "showXAxis": true,
              "showYAxis": true,
              "showLegend": false,
              "showBrush": false,
              "inheritLegendPlacement": true,
              "legendPlacement": "OUTER_RIGHT",
              "showTooltips": true,
              "autoPlayAnimation": true
            },
            "backgroundOpacity": 1.0,
            "autoLoad": true,
            "locked": false,
            "borderOptions": {
              "color": "#D9D9D9",
              "radius": 0,
              "size": 1
            },
            "titleOptions": {
              "showTitle": "YES",
              "fontColor": "#000",
              "fontSize": 13
            },
            "insightId": "3d11OtF",
            "insightType": "chart",
            "displayMode": "INSIGHT",
            "resizeImageMode": "FIT_SIZE"
          },
          {
            "tileType": "INSIGHT",
            "box": {
              "top": 42,
              "left": 16,
              "width": 19,
              "height": 13
            },
            "clickAction": "DO_NOTHING",
            "tileParams": {
              "showXAxis": true,
              "showYAxis": true,
              "showLegend": false,
              "showBrush": false,
              "inheritLegendPlacement": true,
              "legendPlacement": "OUTER_RIGHT",
              "showTooltips": true,
              "autoPlayAnimation": true
            },
            "backgroundOpacity": 1.0,
            "autoLoad": true,
            "locked": false,
            "borderOptions": {
              "color": "#D9D9D9",
              "radius": 0,
              "size": 1
            },
            "titleOptions": {
              "showTitle": "YES",
              "fontColor": "#000",
              "fontSize": 13
            },
            "insightId": "CPgPwIw",
            "insightType": "chart",
            "displayMode": "INSIGHT",
            "resizeImageMode": "FIT_SIZE"
          },
          {
            "tileType": "TEXT",
            "box": {
              "top": 38,
              "left": 0,
              "width": 35,
              "height": 4
            },
            "clickAction": "DO_NOTHING",
            "tileParams": {
              "text": "## Email Domains  Non-Frauds Vs Fraud",
              "textAlign": "LEFT"
            },
            "backgroundOpacity": 1.0,
            "autoLoad": true,
            "locked": false,
            "borderOptions": {
              "color": "#D9D9D9",
              "radius": 0,
              "size": 1
            },
            "titleOptions": {
              "showTitle": "NO",
              "fontColor": "#000",
              "fontSize": 13
            },
            "displayMode": "INSIGHT",
            "resizeImageMode": "FIT_SIZE"
          },
          {
            "tileType": "INSIGHT",
            "box": {
              "top": 42,
              "left": 0,
              "width": 16,
              "height": 13
            },
            "clickAction": "DO_NOTHING",
            "tileParams": {
              "showXAxis": true,
              "showYAxis": true,
              "showLegend": false,
              "showBrush": false,
              "inheritLegendPlacement": true,
              "legendPlacement": "OUTER_RIGHT",
              "showTooltips": true,
              "autoPlayAnimation": true
            },
            "backgroundOpacity": 1.0,
            "autoLoad": true,
            "locked": false,
            "borderOptions": {
              "color": "#D9D9D9",
              "radius": 0,
              "size": 1
            },
            "titleOptions": {
              "showTitle": "YES",
              "fontColor": "#000",
              "fontSize": 13
            },
            "insightId": "FEzRAMq",
            "insightType": "chart",
            "displayMode": "INSIGHT",
            "resizeImageMode": "FIT_SIZE"
          },
          {
            "tileType": "INSIGHT",
            "box": {
              "top": 55,
              "left": 0,
              "width": 17,
              "height": 22
            },
            "clickAction": "DO_NOTHING",
            "tileParams": {
              "showXAxis": true,
              "showYAxis": true,
              "showLegend": false,
              "showBrush": false,
              "inheritLegendPlacement": true,
              "legendPlacement": "OUTER_RIGHT",
              "showTooltips": true,
              "autoPlayAnimation": true
            },
            "backgroundOpacity": 1.0,
            "autoLoad": true,
            "locked": false,
            "borderOptions": {
              "color": "#D9D9D9",
              "radius": 0,
              "size": 1
            },
            "titleOptions": {
              "showTitle": "YES",
              "fontColor": "#000",
              "fontSize": 13
            },
            "insightId": "Jr1nlF4",
            "insightType": "chart",
            "displayMode": "INSIGHT",
            "resizeImageMode": "FIT_SIZE"
          }
        ]
      },
      "title": "Personal Traits",
      "show": true,
      "showTitle": false,
      "titleAlign": "CENTER",
      "titleFontColor": "#444444",
      "titleFontSize": 28,
      "enableCrossFilters": true,
      "backgroundColor": "#ffffff",
      "showFilterPanel": true,
      "filtersParams": {
        "panelPosition": "TOP",
        "engineType": "LINO"
      }
    },
    {
      "id": "RWO0637",
      "grid": {
        "tiles": [
          {
            "tileType": "INSIGHT",
            "box": {
              "top": 6,
              "left": 0,
              "width": 35,
              "height": 13
            },
            "clickAction": "DO_NOTHING",
            "tileParams": {
              "showXAxis": true,
              "showYAxis": true,
              "showLegend": false,
              "showBrush": false,
              "inheritLegendPlacement": true,
              "legendPlacement": "OUTER_RIGHT",
              "showTooltips": true,
              "autoPlayAnimation": true
            },
            "backgroundOpacity": 1.0,
            "autoLoad": true,
            "locked": false,
            "borderOptions": {
              "color": "#D9D9D9",
              "radius": 0,
              "size": 1
            },
            "titleOptions": {
              "showTitle": "YES",
              "fontColor": "#000",
              "fontSize": 13
            },
            "insightId": "CIBIv70",
            "insightType": "chart",
            "displayMode": "INSIGHT",
            "resizeImageMode": "FIT_SIZE"
          },
          {
            "tileType": "TEXT",
            "box": {
              "top": 0,
              "left": 0,
              "width": 35,
              "height": 6
            },
            "clickAction": "DO_NOTHING",
            "tileParams": {
              "text": "## Data indicates that all fraud incidents only performs following two types of activities ",
              "textAlign": "CENTER"
            },
            "backgroundOpacity": 1.0,
            "autoLoad": true,
            "locked": false,
            "borderOptions": {
              "color": "#D9D9D9",
              "radius": 0,
              "size": 1
            },
            "titleOptions": {
              "showTitle": "NO",
              "fontColor": "#000",
              "fontSize": 13
            },
            "displayMode": "INSIGHT",
            "resizeImageMode": "FIT_SIZE"
          },
          {
            "tileType": "TEXT",
            "box": {
              "top": 21,
              "left": 0,
              "width": 35,
              "height": 6
            },
            "clickAction": "DO_NOTHING",
            "tileParams": {
              "text": "## Data indicates that all fraud incidents utilised certain channels ",
              "textAlign": "CENTER"
            },
            "backgroundOpacity": 1.0,
            "autoLoad": true,
            "locked": false,
            "borderOptions": {
              "color": "#D9D9D9",
              "radius": 0,
              "size": 1
            },
            "titleOptions": {
              "showTitle": "NO",
              "fontColor": "#000",
              "fontSize": 13
            },
            "displayMode": "INSIGHT",
            "resizeImageMode": "FIT_SIZE"
          },
          {
            "tileType": "INSIGHT",
            "box": {
              "top": 27,
              "left": 0,
              "width": 35,
              "height": 12
            },
            "clickAction": "DO_NOTHING",
            "tileParams": {
              "showXAxis": true,
              "showYAxis": true,
              "showLegend": false,
              "showBrush": false,
              "inheritLegendPlacement": true,
              "legendPlacement": "OUTER_RIGHT",
              "showTooltips": true,
              "autoPlayAnimation": true
            },
            "backgroundOpacity": 1.0,
            "autoLoad": true,
            "locked": false,
            "borderOptions": {
              "color": "#D9D9D9",
              "radius": 0,
              "size": 1
            },
            "titleOptions": {
              "showTitle": "YES",
              "fontColor": "#000",
              "fontSize": 13
            },
            "insightId": "PcfbWZa",
            "insightType": "chart",
            "displayMode": "INSIGHT",
            "resizeImageMode": "FIT_SIZE"
          },
          {
            "tileType": "INSIGHT",
            "box": {
              "top": 39,
              "left": 0,
              "width": 35,
              "height": 13
            },
            "clickAction": "DO_NOTHING",
            "tileParams": {
              "showXAxis": true,
              "showYAxis": true,
              "showLegend": false,
              "showBrush": false,
              "inheritLegendPlacement": true,
              "legendPlacement": "OUTER_RIGHT",
              "showTooltips": true,
              "autoPlayAnimation": true
            },
            "backgroundOpacity": 1.0,
            "autoLoad": true,
            "locked": false,
            "borderOptions": {
              "color": "#D9D9D9",
              "radius": 0,
              "size": 1
            },
            "titleOptions": {
              "showTitle": "YES",
              "fontColor": "#000",
              "fontSize": 13
            },
            "insightId": "VNwLNeJ",
            "insightType": "chart",
            "displayMode": "INSIGHT",
            "resizeImageMode": "FIT_SIZE"
          },
          {
            "tileType": "INSIGHT",
            "box": {
              "top": 52,
              "left": 0,
              "width": 35,
              "height": 13
            },
            "clickAction": "DO_NOTHING",
            "tileParams": {
              "showXAxis": true,
              "showYAxis": true,
              "showLegend": false,
              "showBrush": false,
              "inheritLegendPlacement": true,
              "legendPlacement": "OUTER_RIGHT",
              "showTooltips": true,
              "autoPlayAnimation": true
            },
            "backgroundOpacity": 1.0,
            "autoLoad": true,
            "locked": false,
            "borderOptions": {
              "color": "#D9D9D9",
              "radius": 0,
              "size": 1
            },
            "titleOptions": {
              "showTitle": "YES",
              "fontColor": "#000",
              "fontSize": 13
            },
            "insightId": "bHqCEOF",
            "insightType": "chart",
            "displayMode": "INSIGHT",
            "resizeImageMode": "FIT_SIZE"
          }
        ]
      },
      "title": "Behaviour Based Analysis",
      "show": true,
      "showTitle": false,
      "titleAlign": "CENTER",
      "titleFontColor": "#444444",
      "titleFontSize": 28,
      "enableCrossFilters": true,
      "backgroundColor": "#ffffff",
      "showFilterPanel": true,
      "filtersParams": {
        "panelPosition": "TOP",
        "engineType": "LINO"
      }
    }
  ],
  "owner": "admin",
  "listed": false,
  "name": "Feature Analysis",
  "showGrid": false,
  "columnNumber": 36,
  "showNavigationArrows": false,
  "reloadWhenEventReceived": false,
  "tileSpacing": 8,
  "creationTag": {
    "versionNumber": 0,
    "lastModifiedBy": {
      "login": "admin"
    },
    "lastModifiedOn": 1747679333107
  },
  "tags": [],
  "customFields": {},
  "checklists": {
    "checklists": []
  }
}