{
  "pages": [
    {
      "id": "r0aAigj",
      "grid": {
        "tiles": []
      },
      "show": true,
      "showTitle": false,
      "titleAlign": "CENTER",
      "titleFontColor": "#444444",
      "titleFontSize": 28,
      "enableCrossFilters": true,
      "backgroundColor": "#ffffff",
      "showFilterPanel": true,
      "filtersParams": {
        "panelPosition": "TOP",
        "engineType": "LINO"
      }
    }
  ],
  "owner": "admin",
  "listed": true,
  "name": "COMPLEX_SOLUTION_SUSHIL\u0027s default dashboard",
  "showGrid": false,
  "columnNumber": 36,
  "showNavigationArrows": false,
  "reloadWhenEventReceived": false,
  "tileSpacing": 8,
  "creationTag": {
    "versionNumber": 0,
    "lastModifiedBy": {
      "login": "admin"
    },
    "lastModifiedOn": 1747678812089
  },
  "tags": [],
  "customFields": {},
  "checklists": {
    "checklists": []
  }
}