{
  "columns": [
    {"name":"user_id","type":"string","maxLength":500},
    {"name":"dob","type":"dateonly"},
    {"name":"age_of_user","type":"bigint"},
    {"name":"email","type":"string","maxLength":500},
    {"name":"email_localpart","type":"string","maxLength":500},
    {"name":"email_domain","type":"string","maxLength":500},
    {"name":"phone","type":"string","maxLength":500},
    {"name":"ssn","type":"string","maxLength":500},
    {"name":"address","type":"string","maxLength":500},
    {"name":"registration_date","type":"dateonly"},
    {"name":"age_of_acc","type":"double"},
    {"name":"is_synthetic","type":"bigint"},
    {"name":"email_risk_ind","type":"double"},
    {"name":"total_credit_limit","type":"double"},
    {"name":"credit_score","type":"bigint"},
    {"name":"current_utilization","type":"bigint"},
    {"name":"delinquencies","type":"bigint"},
    {"name":"num_loans","type":"bigint"},
    {"name":"ind_risk_tran_typ_wt","type":"double"},
    {"name":"ind_risk_merch_cat_wt","type":"double"},
    {"name":"ind_risk_dist_wt","type":"double"}
  ],
  "userModified": false
}