{
  "state": "FAILED",
  "failure": {
    "errorType": "com.dataiku.dip.io.SocketBlockLinkKernelException",
    "message": "Failed to train : \u003cclass \u0027Exception\u0027\u003e : Failed to load XGBoost package",
    "detailedMessage": "Failed to train : \u003cclass \u0027Exception\u0027\u003e : Failed to load XGBoost package",
    "detailedMessageHTML": "\u003cspan\u003e\u003cspan class\u003d\"err-msg\"\u003eFailed to train : \u0026lt;class \u0027Exception\u0027\u0026gt; : Failed to load XGBoost package\u003c/span\u003e\u003c/span\u003e",
    "stackTraceStr": "com.dataiku.dip.io.SocketBlockLinkKernelException: Failed to train : \u003cclass \u0027Exception\u0027\u003e : Failed to load XGBoost package\n\tat com.dataiku.dip.io.SocketBlockLinkInteraction.throwExceptionFromPython(SocketBlockLinkInteraction.java:306)\n\tat com.dataiku.dip.io.SocketBlockLinkInteraction$AsyncResult.checkException(SocketBlockLinkInteraction.java:219)\n\tat com.dataiku.dip.io.SocketBlockLinkInteraction$AsyncResult.get(SocketBlockLinkInteraction.java:194)\n\tat com.dataiku.dip.io.SingleCommandKernelLink$1.call(SingleCommandKernelLink.java:215)\n\tat com.dataiku.dip.analysis.ml.prediction.PredictionTrainAdditionalThread.process(PredictionTrainAdditionalThread.java:76)\n\tat com.dataiku.dip.analysis.ml.shared.PRNSTrainThread.run(PRNSTrainThread.java:164)\nFile /Users/sushil/Library/DataScienceStudio/kits/dataiku-dss-13.5.0-osx/python/dataiku/doctor/server.py, line 45, in serve\n\tret \u003d api_command(arg)\nFile /Users/sushil/Library/DataScienceStudio/kits/dataiku-dss-13.5.0-osx/python/dataiku/doctor/dkuapi.py, line 46, in aux\n\treturn api(**kwargs)\nFile /Users/sushil/Library/DataScienceStudio/kits/dataiku-dss-13.5.0-osx/python/dataiku/doctor/commands.py, line 391, in train_prediction_models_nosave\n\tml_overrides_params)\nFile /Users/sushil/Library/DataScienceStudio/kits/dataiku-dss-13.5.0-osx/python/dataiku/doctor/prediction_entrypoints.py, line 125, in prediction_train_score_save\n\tmonotonic_cst\u003dmonotonic_cst)\nFile /Users/sushil/Library/DataScienceStudio/kits/dataiku-dss-13.5.0-osx/python/dataiku/doctor/prediction/classification_fit.py, line 682, in classification_fit\n\tunprocessed\u003dtransformed_train[\"UNPROCESSED\"])\nFile /Users/sushil/Library/DataScienceStudio/kits/dataiku-dss-13.5.0-osx/python/dataiku/doctor/prediction/common.py, line 925, in get_search_runner\n\ttrainable_model \u003d self.model_from_params(input_hp_space, modeling_params, core_params)\nFile /Users/sushil/Library/DataScienceStudio/kits/dataiku-dss-13.5.0-osx/python/dataiku/doctor/prediction/classification_fit.py, line 535, in model_from_params\n\traise Exception(\"Failed to load XGBoost package\")\n",
    "stackTrace": [
      {
        "file": "SocketBlockLinkInteraction.java",
        "line": 306,
        "function": "com.dataiku.dip.io.SocketBlockLinkInteraction.throwExceptionFromPython"
      },
      {
        "file": "SocketBlockLinkInteraction.java",
        "line": 219,
        "function": "com.dataiku.dip.io.SocketBlockLinkInteraction$AsyncResult.checkException"
      },
      {
        "file": "SocketBlockLinkInteraction.java",
        "line": 194,
        "function": "com.dataiku.dip.io.SocketBlockLinkInteraction$AsyncResult.get"
      },
      {
        "file": "SingleCommandKernelLink.java",
        "line": 215,
        "function": "com.dataiku.dip.io.SingleCommandKernelLink$1.call"
      },
      {
        "file": "PredictionTrainAdditionalThread.java",
        "line": 76,
        "function": "com.dataiku.dip.analysis.ml.prediction.PredictionTrainAdditionalThread.process"
      },
      {
        "file": "PRNSTrainThread.java",
        "line": 164,
        "function": "com.dataiku.dip.analysis.ml.shared.PRNSTrainThread.run"
      },
      {
        "file": "CausedBy",
        "line": 0,
        "function": "foreign code"
      },
      {
        "file": "/Users/sushil/Library/DataScienceStudio/kits/dataiku-dss-13.5.0-osx/python/dataiku/doctor/server.py",
        "line": 45,
        "function": "serve"
      },
      {
        "line": 0,
        "function": "\tret \u003d api_command(arg)"
      },
      {
        "file": "/Users/sushil/Library/DataScienceStudio/kits/dataiku-dss-13.5.0-osx/python/dataiku/doctor/dkuapi.py",
        "line": 46,
        "function": "aux"
      },
      {
        "line": 0,
        "function": "\treturn api(**kwargs)"
      },
      {
        "file": "/Users/sushil/Library/DataScienceStudio/kits/dataiku-dss-13.5.0-osx/python/dataiku/doctor/commands.py",
        "line": 391,
        "function": "train_prediction_models_nosave"
      },
      {
        "line": 0,
        "function": "\tml_overrides_params)"
      },
      {
        "file": "/Users/sushil/Library/DataScienceStudio/kits/dataiku-dss-13.5.0-osx/python/dataiku/doctor/prediction_entrypoints.py",
        "line": 125,
        "function": "prediction_train_score_save"
      },
      {
        "line": 0,
        "function": "\tmonotonic_cst\u003dmonotonic_cst)"
      },
      {
        "file": "/Users/sushil/Library/DataScienceStudio/kits/dataiku-dss-13.5.0-osx/python/dataiku/doctor/prediction/classification_fit.py",
        "line": 682,
        "function": "classification_fit"
      },
      {
        "line": 0,
        "function": "\tunprocessed\u003dtransformed_train[\"UNPROCESSED\"])"
      },
      {
        "file": "/Users/sushil/Library/DataScienceStudio/kits/dataiku-dss-13.5.0-osx/python/dataiku/doctor/prediction/common.py",
        "line": 925,
        "function": "get_search_runner"
      },
      {
        "line": 0,
        "function": "\ttrainable_model \u003d self.model_from_params(input_hp_space, modeling_params, core_params)"
      },
      {
        "file": "/Users/sushil/Library/DataScienceStudio/kits/dataiku-dss-13.5.0-osx/python/dataiku/doctor/prediction/classification_fit.py",
        "line": 535,
        "function": "model_from_params"
      },
      {
        "line": 0,
        "function": "\traise Exception(\"Failed to load XGBoost package\")"
      }
    ],
    "logTail": {
      "totalLines": 429,
      "lines": [
        "[2025-05-20 19:08:39,146] [91826/MainThread] [DEBUG] [dku.ml.preprocessing]    PPR: ",
        "[2025-05-20 19:08:39,146] [91826/MainThread] [DEBUG] [dku.ml.preprocessing]       target \u003d \u003cclass \u0027pandas.core.series.Series\u0027\u003e ((163,))",
        "[2025-05-20 19:08:39,146] [91826/MainThread] [DEBUG] [dku.ml.preprocessing] PROCESS WITH Step:EmitCurrentMFAsResult",
        "[2025-05-20 19:08:39,146] [91826/MainThread] [INFO] [dataiku.doctor.multiframe] Set MF index len 163",
        "[2025-05-20 19:08:39,146] [91826/MainThread] [DEBUG] [dku.ml.preprocessing] PROCESS WITH Step:DumpPipelineState",
        "[2025-05-20 19:08:39,146] [91826/MainThread] [DEBUG] [dku.ml.preprocessing] ********* Pipeline state (At end)",
        "[2025-05-20 19:08:39,146] [91826/MainThread] [DEBUG] [dku.ml.preprocessing]    input_df\u003d (163, 21) ",
        "[2025-05-20 19:08:39,146] [91826/MainThread] [DEBUG] [dku.ml.preprocessing]    current_mf\u003d(0, 0) ",
        "[2025-05-20 19:08:39,146] [91826/MainThread] [DEBUG] [dku.ml.preprocessing]    PPR: ",
        "[2025-05-20 19:08:39,146] [91826/MainThread] [DEBUG] [dku.ml.preprocessing]       target \u003d \u003cclass \u0027pandas.core.series.Series\u0027\u003e ((163,))",
        "[2025-05-20 19:08:39,146] [91826/MainThread] [DEBUG] [dku.ml.preprocessing]       TRAIN \u003d \u003cclass \u0027dataiku.doctor.multiframe.MultiFrame\u0027\u003e ((163, 9))",
        "[2025-05-20 19:08:39,146] [91826/MainThread] [DEBUG] [dku.ml.preprocessing]       UNPROCESSED \u003d \u003cclass \u0027pandas.core.frame.DataFrame\u0027\u003e ((163, 21))",
        "[2025-05-20 19:08:39,146] [91826/MainThread] [INFO] [root] test multiframe initial size: 163",
        "[2025-05-20 19:08:39,146] [91826/MainThread] [INFO] [dataiku.doctor.utils.listener] END -  Preprocessing test set",
        "[2025-05-20 19:08:39,147] [91826/MainThread] [INFO] [dataiku.doctor.utils.listener] START -  Hyperparameter searching",
        "[2025-05-20 19:08:39,147] [91826/MainThread] [INFO] [dataiku.doctor.prediction.common] NaN support available: compatible algorithm XGBOOST_CLASSIFICATION and feature reduction None",
        "[2025-05-20 19:08:39,147] [91826/MainThread] [INFO] [dataiku.doctor.sparse] Sparse matrices support is explicitly disabled, using NPA",
        "[2025-05-20 19:08:39,147] [91826/MainThread] [INFO] [dataiku.doctor.prediction.common] Create CLF from params: {\u0027algorithm\u0027: \u0027XGBOOST_CLASSIFICATION\u0027, \u0027xgboost_grid\u0027: {\u0027max_depth\u0027: {\u0027gridMode\u0027: \u0027EXPLICIT\u0027, \u0027randomMode\u0027: \u0027RANGE\u0027, \u0027limit\u0027: {\u0027min\u0027: 1}, \u0027values\u0027: [3], \u0027range\u0027: {\u0027min\u0027: 3, \u0027max\u0027: 10, \u0027nbValues\u0027: 3, \u0027scaling\u0027: \u0027LINEAR\u0027}}, \u0027learning_rate\u0027: {\u0027gridMode\u0027: \u0027EXPLICIT\u0027, \u0027randomMode\u0027: \u0027RANGE\u0027, \u0027limit\u0027: {\u0027min\u0027: 1e-23, \u0027max\u0027: 1.0}, \u0027values\u0027: [0.2], \u0027range\u0027: {\u0027min\u0027: 0.1, \u0027max\u0027: 0.5, \u0027nbValues\u0027: 3, \u0027scaling\u0027: \u0027LINEAR\u0027}}, \u0027gamma\u0027: {\u0027gridMode\u0027: \u0027EXPLICIT\u0027, \u0027randomMode\u0027: \u0027RANGE\u0027, \u0027limit\u0027: {\u0027min\u0027: 0.0}, \u0027values\u0027: [0.0], \u0027range\u0027: {\u0027min\u0027: 0.0, \u0027max\u0027: 1.0, \u0027nbValues\u0027: 3, \u0027scaling\u0027: \u0027LINEAR\u0027}}, \u0027min_child_weight\u0027: {\u0027gridMode\u0027: \u0027EXPLICIT\u0027, \u0027randomMode\u0027: \u0027RANGE\u0027, \u0027limit\u0027: {\u0027min\u0027: 0.0}, \u0027values\u0027: [1.0], \u0027range\u0027: {\u0027min\u0027: 0.5, \u0027max\u0027: 5.0, \u0027nbValues\u0027: 3, \u0027scaling\u0027: \u0027LINEAR\u0027}}, \u0027max_delta_step\u0027: {\u0027gridMode\u0027: \u0027EXPLICIT\u0027, \u0027randomMode\u0027: \u0027EXPLICIT\u0027, \u0027limit\u0027: {\u0027min\u0027: 0.0}, \u0027values\u0027: [0.0], \u0027range\u0027: {\u0027min\u0027: 0.0, \u0027max\u0027: 1.0, \u0027nbValues\u0027: 3, \u0027scaling\u0027: \u0027LINEAR\u0027}}, \u0027subsample\u0027: {\u0027gridMode\u0027: \u0027EXPLICIT\u0027, \u0027randomMode\u0027: \u0027RANGE\u0027, \u0027limit\u0027: {\u0027min\u0027: 1e-23, \u0027max\u0027: 1.0}, \u0027values\u0027: [1.0], \u0027range\u0027: {\u0027min\u0027: 0.5, \u0027max\u0027: 1.0, \u0027nbValues\u0027: 3, \u0027scaling\u0027: \u0027LINEAR\u0027}}, \u0027colsample_bytree\u0027: {\u0027gridMode\u0027: \u0027EXPLICIT\u0027, \u0027randomMode\u0027: \u0027RANGE\u0027, \u0027limit\u0027: {\u0027min\u0027: 1e-23, \u0027max\u0027: 1.0}, \u0027values\u0027: [1.0], \u0027range\u0027: {\u0027min\u0027: 0.5, \u0027max\u0027: 1.0, \u0027nbValues\u0027: 3, \u0027scaling\u0027: \u0027LINEAR\u0027}}, \u0027colsample_bylevel\u0027: {\u0027gridMode\u0027: \u0027EXPLICIT\u0027, \u0027randomMode\u0027: \u0027RANGE\u0027, \u0027limit\u0027: {\u0027min\u0027: 1e-23, \u0027max\u0027: 1.0}, \u0027values\u0027: [1.0], \u0027range\u0027: {\u0027min\u0027: 0.5, \u0027max\u0027: 1.0, \u0027nbValues\u0027: 3, \u0027scaling\u0027: \u0027LINEAR\u0027}}, \u0027alpha\u0027: {\u0027gridMode\u0027: \u0027EXPLICIT\u0027, \u0027randomMode\u0027: \u0027RANGE\u0027, \u0027limit\u0027: {\u0027min\u0027: 0.0}, \u0027values\u0027: [0.0], \u0027range\u0027: {\u0027min\u0027: 0.0, \u0027max\u0027: 1.0, \u0027nbValues\u0027: 3, \u0027scaling\u0027: \u0027LINEAR\u0027}}, \u0027lambda\u0027: {\u0027gridMode\u0027: \u0027EXPLICIT\u0027, \u0027randomMode\u0027: \u0027RANGE\u0027, \u0027limit\u0027: {\u0027min\u0027: 1e-23}, \u0027values\u0027: [1.0], \u0027range\u0027: {\u0027min\u0027: 0.01, \u0027max\u0027: 1.0, \u0027nbValues\u0027: 3, \u0027scaling\u0027: \u0027LINEAR\u0027}}, \u0027booster\u0027: {\u0027values\u0027: {\u0027dart\u0027: {\u0027enabled\u0027: False}, \u0027gbtree\u0027: {\u0027enabled\u0027: True}}}, \u0027objective\u0027: {\u0027values\u0027: {\u0027binary_logistic\u0027: {\u0027enabled\u0027: False}, \u0027count_poisson\u0027: {\u0027enabled\u0027: False}, \u0027multi_softprob\u0027: {\u0027enabled\u0027: False}, \u0027reg_gamma\u0027: {\u0027enabled\u0027: False}, \u0027reg_linear\u0027: {\u0027enabled\u0027: True}, \u0027reg_logistic\u0027: {\u0027enabled\u0027: False}, \u0027reg_tweedie\u0027: {\u0027enabled\u0027: False}}}, \u0027n_estimators\u0027: 300, \u0027nthread\u0027: 4, \u0027scale_pos_weight\u0027: 1.0, \u0027base_score\u0027: 0.5, \u0027impute_missing\u0027: False, \u0027missing\u0027: 0.0, \u0027tree_method\u0027: \u0027auto\u0027, \u0027seed\u0027: 1337, \u0027enable_early_stopping\u0027: True, \u0027early_stopping_rounds\u0027: 4, \u0027tweedie_variance_power\u0027: 1.5, \u0027allow_sparse_matrices\u0027: False, \u0027enabled\u0027: True}, \u0027max_ensemble_nodes_serialized\u0027: 0, \u0027metrics\u0027: {\u0027customMetrics\u0027: [], \u0027evaluationMetric\u0027: \u0027ROC_AUC\u0027, \u0027classAveragingMethod\u0027: \u0027MACRO\u0027, \u0027thresholdOptimizationMetric\u0027: \u0027F1\u0027, \u0027costMatrixWeights\u0027: {\u0027tpGain\u0027: 1.0, \u0027tnGain\u0027: 0.0, \u0027fpGain\u0027: -0.3, \u0027fnGain\u0027: 0.0}, \u0027liftPoint\u0027: 0.4, \u0027netUpliftPoint\u0027: 0.5, \u0027causalWeighting\u0027: \u0027NO_WEIGHTING\u0027}, \u0027autoOptimizeThreshold\u0027: True, \u0027forcedClassifierThreshold\u0027: 0.0, \u0027gridLength\u0027: 1, \u0027grid_search_params\u0027: {\u0027mode\u0027: \u0027KFOLD\u0027, \u0027splitRatio\u0027: 0.8, \u0027shuffleIterations\u0027: 1, \u0027nFolds\u0027: 5, \u0027cvSeed\u0027: 1337, \u0027stratified\u0027: True, \u0027grouped\u0027: False, \u0027strategy\u0027: \u0027GRID\u0027, \u0027bayesianOptimizer\u0027: \u0027SCIKIT_OPTIMIZE\u0027, \u0027randomized\u0027: True, \u0027seed\u0027: 1337, \u0027nIter\u0027: 0, \u0027nIterRandom\u0027: 5, \u0027timeout\u0027: 0, \u0027nJobs\u0027: 4, \u0027distributed\u0027: False, \u0027nContainers\u0027: 4, \u0027foldOffset\u0027: True, \u0027equalDurationFolds\u0027: False}, \u0027pluginAlgoCustomGridSearch\u0027: False, \u0027computeLearningCurves\u0027: False, \u0027skipExpensiveReports\u0027: False, \u0027propensityModeling\u0027: {\u0027enabled\u0027: True, \u0027calibrateProbabilities\u0027: False, \u0027calibrationDataRatio\u0027: 0.1}} for algorithm XGBOOST_CLASSIFICATION",
        "[2025-05-20 19:08:39,168] [91826/MainThread] [ERROR] [dataiku.doctor.prediction.classification_fit] Failed to load xgboost package",
        "Traceback (most recent call last):",
        "  File \"/Users/sushil/Library/DataScienceStudio/kits/dataiku-dss-13.5.0-osx/python/dataiku/doctor/prediction/classification_fit.py\", line 531, in model_from_params",
        "    from dataiku.doctor.prediction.dku_xgboost import instantiate_xgb_classifier, expand_tree_method_for_xgboost",
        "  File \"/Users/sushil/Library/DataScienceStudio/kits/dataiku-dss-13.5.0-osx/python/dataiku/doctor/prediction/dku_xgboost.py\", line 9, in \u003cmodule\u003e",
        "    import xgboost",
        "  File \"/Users/sushil/Library/DataScienceStudio/kits/dataiku-dss-13.5.0-osx/python37.packages/xgboost/__init__.py\", line 9, in \u003cmodule\u003e",
        "    from .core import DMatrix, DeviceQuantileDMatrix, Booster, DataIter",
        "  File \"/Users/sushil/Library/DataScienceStudio/kits/dataiku-dss-13.5.0-osx/python37.packages/xgboost/core.py\", line 203, in \u003cmodule\u003e",
        "    _LIB \u003d _load_lib()",
        "  File \"/Users/sushil/Library/DataScienceStudio/kits/dataiku-dss-13.5.0-osx/python37.packages/xgboost/core.py\", line 194, in _load_lib",
        "    \"\"\")",
        "xgboost.core.XGBoostError: ",
        "XGBoost Library (libxgboost.dylib) could not be loaded.",
        "Likely causes:",
        "  * OpenMP runtime is not installed",
        "    - vcomp140.dll or libgomp-1.dll for Windows",
        "    - libomp.dylib for Mac OSX",
        "    - libgomp.so for Linux and other UNIX-like OSes",
        "    Mac OSX users: Run `brew install libomp` to install OpenMP runtime.",
        "  * You are running 32-bit Python on a 64-bit OS",
        "Error message(s): [\"dlopen(/Users/sushil/Library/DataScienceStudio/kits/dataiku-dss-13.5.0-osx/python37.packages/xgboost/lib/libxgboost.dylib, 0x0006): Library not loaded: /usr/local/opt/libomp/lib/libomp.dylib\\n  Referenced from: \u003c4D0FF2E5-E6B5-33EC-95A4-F63DEE574377\u003e /Users/sushil/Library/DataScienceStudio/kits/dataiku-dss-13.5.0-osx/python37.packages/xgboost/lib/libxgboost.dylib\\n  Reason: tried: \u0027/usr/local/opt/libomp/lib/libomp.dylib\u0027 (no such file), \u0027/System/Volumes/Preboot/Cryptexes/OS/usr/local/opt/libomp/lib/libomp.dylib\u0027 (no such file), \u0027/usr/local/opt/libomp/lib/libomp.dylib\u0027 (no such file), \u0027/usr/local/lib/libomp.dylib\u0027 (no such file), \u0027/usr/lib/libomp.dylib\u0027 (no such file, not in dyld cache)\"]",
        "[2025-05-20 19:08:39,169] [91826/MainThread] [INFO] [dataiku.doctor.utils.listener] END -  Hyperparameter searching",
        "Traceback (most recent call last):",
        "  File \"/Users/sushil/Library/DataScienceStudio/kits/dataiku-dss-13.5.0-osx/python/dataiku/doctor/prediction/classification_fit.py\", line 531, in model_from_params",
        "    from dataiku.doctor.prediction.dku_xgboost import instantiate_xgb_classifier, expand_tree_method_for_xgboost",
        "  File \"/Users/sushil/Library/DataScienceStudio/kits/dataiku-dss-13.5.0-osx/python/dataiku/doctor/prediction/dku_xgboost.py\", line 9, in \u003cmodule\u003e",
        "    import xgboost",
        "  File \"/Users/sushil/Library/DataScienceStudio/kits/dataiku-dss-13.5.0-osx/python37.packages/xgboost/__init__.py\", line 9, in \u003cmodule\u003e",
        "    from .core import DMatrix, DeviceQuantileDMatrix, Booster, DataIter",
        "  File \"/Users/sushil/Library/DataScienceStudio/kits/dataiku-dss-13.5.0-osx/python37.packages/xgboost/core.py\", line 203, in \u003cmodule\u003e",
        "    _LIB \u003d _load_lib()",
        "  File \"/Users/sushil/Library/DataScienceStudio/kits/dataiku-dss-13.5.0-osx/python37.packages/xgboost/core.py\", line 194, in _load_lib",
        "    \"\"\")",
        "xgboost.core.XGBoostError: ",
        "XGBoost Library (libxgboost.dylib) could not be loaded.",
        "Likely causes:",
        "  * OpenMP runtime is not installed",
        "    - vcomp140.dll or libgomp-1.dll for Windows",
        "    - libomp.dylib for Mac OSX",
        "    - libgomp.so for Linux and other UNIX-like OSes",
        "    Mac OSX users: Run `brew install libomp` to install OpenMP runtime.",
        "  * You are running 32-bit Python on a 64-bit OS",
        "Error message(s): [\"dlopen(/Users/sushil/Library/DataScienceStudio/kits/dataiku-dss-13.5.0-osx/python37.packages/xgboost/lib/libxgboost.dylib, 0x0006): Library not loaded: /usr/local/opt/libomp/lib/libomp.dylib\\n  Referenced from: \u003c4D0FF2E5-E6B5-33EC-95A4-F63DEE574377\u003e /Users/sushil/Library/DataScienceStudio/kits/dataiku-dss-13.5.0-osx/python37.packages/xgboost/lib/libxgboost.dylib\\n  Reason: tried: \u0027/usr/local/opt/libomp/lib/libomp.dylib\u0027 (no such file), \u0027/System/Volumes/Preboot/Cryptexes/OS/usr/local/opt/libomp/lib/libomp.dylib\u0027 (no such file), \u0027/usr/local/opt/libomp/lib/libomp.dylib\u0027 (no such file), \u0027/usr/local/lib/libomp.dylib\u0027 (no such file), \u0027/usr/lib/libomp.dylib\u0027 (no such file, not in dyld cache)\"]",
        "During handling of the above exception, another exception occurred:",
        "Traceback (most recent call last):",
        "  File \"/Users/sushil/Library/DataScienceStudio/kits/dataiku-dss-13.5.0-osx/python/dataiku/doctor/server.py\", line 45, in serve",
        "    ret \u003d api_command(arg)",
        "  File \"/Users/sushil/Library/DataScienceStudio/kits/dataiku-dss-13.5.0-osx/python/dataiku/doctor/dkuapi.py\", line 46, in aux",
        "    return api(**kwargs)",
        "  File \"/Users/sushil/Library/DataScienceStudio/kits/dataiku-dss-13.5.0-osx/python/dataiku/doctor/commands.py\", line 391, in train_prediction_models_nosave",
        "    ml_overrides_params)",
        "  File \"/Users/sushil/Library/DataScienceStudio/kits/dataiku-dss-13.5.0-osx/python/dataiku/doctor/prediction_entrypoints.py\", line 125, in prediction_train_score_save",
        "    monotonic_cst\u003dmonotonic_cst)",
        "  File \"/Users/sushil/Library/DataScienceStudio/kits/dataiku-dss-13.5.0-osx/python/dataiku/doctor/prediction/classification_fit.py\", line 682, in classification_fit",
        "    unprocessed\u003dtransformed_train[\"UNPROCESSED\"])",
        "  File \"/Users/sushil/Library/DataScienceStudio/kits/dataiku-dss-13.5.0-osx/python/dataiku/doctor/prediction/common.py\", line 925, in get_search_runner",
        "    trainable_model \u003d self.model_from_params(input_hp_space, modeling_params, core_params)",
        "  File \"/Users/sushil/Library/DataScienceStudio/kits/dataiku-dss-13.5.0-osx/python/dataiku/doctor/prediction/classification_fit.py\", line 535, in model_from_params",
        "    raise Exception(\"Failed to load XGBoost package\")",
        "Exception: Failed to load XGBoost package",
        "[2025-05-20 19:08:39,172] [91826/MainThread] [INFO] [dataiku.base.socket_block_link] Client closed"
      ],
      "status": [
        0,
        0,
        0,
        1,
        0,
        0,
        0,
        0,
        0,
        0,
        0,
        0,
        1,
        1,
        1,
        1,
        1,
        1,
        3,
        3,
        1,
        1,
        1,
        1,
        1,
        1,
        1,
        1,
        1,
        1,
        1,
        1,
        1,
        1,
        1,
        1,
        1,
        1,
        1,
        1,
        1,
        3,
        1,
        1,
        1,
        1,
        1,
        1,
        1,
        1,
        1,
        1,
        1,
        1,
        1,
        1,
        1,
        1,
        1,
        1,
        1,
        1,
        1,
        3,
        1,
        1,
        1,
        1,
        1,
        1,
        1,
        1,
        1,
        1,
        1,
        1,
        1,
        3,
        3,
        1
      ],
      "maxLevel": 3,
      "maxLevelFirstLine": 18
    }
  },
  "preSearchDescription": {
    "gridLength": 1,
    "searchStrategy": "GRID",
    "importantParams": [
      {
        "name": "trees",
        "val": "300"
      },
      {
        "name": "max_depth",
        "vals": [
          "3"
        ]
      }
    ]
  },
  "resumed": false,
  "timeOrderingEnabled": false,
  "sampleWeightsEnabled": false,
  "modelId": "m1",
  "progress": {
    "top_level_todo": [
      "Fitting model",
      "Saving model",
      "Scoring model",
      "Preparing explainability"
    ],
    "stack": [
      {
        "name": "Hyperparameter searching",
        "target": 0.0,
        "cur": 0.0,
        "important": false,
        "depth": 0,
        "startTimestamp": 1747748319147,
        "msSinceStart": 0
      }
    ],
    "top_level_done": [
      {
        "name": "Loading train set",
        "time": 584
      },
      {
        "name": "Loading test set",
        "time": 12
      },
      {
        "name": "Collecting statistics",
        "time": 8
      },
      {
        "name": "Preprocessing train set",
        "time": 17
      },
      {
        "name": "Preprocessing test set",
        "time": 9
      }
    ]
  },
  "startTime": 1747748318515,
  "endTime": 0,
  "preprocessingTime": 0,
  "trainingTime": 0,
  "hyperparamsSearchTime": 0,
  "pythonVersion": "3.7.13",
  "packagesVersion": {
    "pandas": "1.1.5",
    "scikit-learn": "1.0.2",
    "scipy": "1.7.3",
    "lightgbm": "4.6.0",
    "protobuf": "4.23.0",
    "flask": "2.2.5",
    "itsdangerous": "2.1.2",
    "jinja2": "3.0.3",
    "xgboost": "1.5.2",
    "werkzeug": "2.2.3",
    "statsmodels": "0.13.5",
    "pillow": "9.5.0",
    "markupsafe": "2.1.5",
    "cloudpickle": "1.5.0"
  }
}