{
  "tags": {
    "ANALYSIS.Uy3NUuJe": {
      "versionNumber": 0,
      "lastModifiedBy": {
        "login": "admin"
      },
      "lastModifiedOn": 1747748105118
    },
    "DASHBOARD.jX9Fvcv": {
      "versionNumber": 58,
      "lastModifiedBy": {
        "login": "admin"
      },
      "lastModifiedOn": 1747684022887
    },
    "DASHBOARD.zHn1lcw": {
      "versionNumber": 0,
      "lastModifiedBy": {
        "login": "admin"
      },
      "lastModifiedOn": 1747678812089
    },
    "DATASET.FRAUD_DETECTION_acc_user_profile": {
      "versionNumber": 0,
      "lastModifiedBy": {
        "login": "admin"
      },
      "lastModifiedOn": 1747678956959
    },
    "DATASET.FRAUD_DETECTION_city_geolocation_map": {
      "versionNumber": 0,
      "lastModifiedBy": {
        "login": "admin"
      },
      "lastModifiedOn": 1747678889275
    },
    "DATASET.FRAUD_DETECTION_credit_profile_1": {
      "versionNumber": 0,
      "lastModifiedBy": {
        "login": "admin"
      },
      "lastModifiedOn": 1747678956977
    },
    "DATASET.FRAUD_DETECTION_fraud_labels_1": {
      "versionNumber": 0,
      "lastModifiedBy": {
        "login": "admin"
      },
      "lastModifiedOn": 1747678956981
    },
    "DATASET.FRAUD_DETECTION_user_system_activity_log": {
      "versionNumber": 0,
      "lastModifiedBy": {
        "login": "admin"
      },
      "lastModifiedOn": 1747678889306
    },
    "DATASET.FRAUD_DETECTION_user_transactions": {
      "versionNumber": 0,
      "lastModifiedBy": {
        "login": "admin"
      },
      "lastModifiedOn": 1747678889312
    },
    "DATASET.act_features": {
      "versionNumber": 1,
      "lastModifiedBy": {
        "login": "admin"
      },
      "lastModifiedOn": 1747747503983
    },
    "DATASET.act_tran_geo_palcements": {
      "versionNumber": 3,
      "lastModifiedBy": {
        "login": "admin"
      },
      "lastModifiedOn": 1747686037699
    },
    "DATASET.act_tran_geo_palcements_prepared": {
      "versionNumber": 1,
      "lastModifiedBy": {
        "login": "admin"
      },
      "lastModifiedOn": 1747747307572
    },
    "DATASET.activity_compliment_tran": {
      "versionNumber": 2,
      "lastModifiedBy": {
        "login": "admin"
      },
      "lastModifiedOn": 1747685668241
    },
    "DATASET.activity_with_fraud": {
      "versionNumber": 1,
      "lastModifiedBy": {
        "login": "admin"
      },
      "lastModifiedOn": 1747684505454
    },
    "DATASET.activity_with_fraud_labels": {
      "versionNumber": 1,
      "lastModifiedBy": {
        "login": "admin"
      },
      "lastModifiedOn": 1747683286893
    },
    "DATASET.city_geolocation_map": {
      "versionNumber": 1,
      "lastModifiedBy": {
        "login": "admin"
      },
      "lastModifiedOn": 1747748486409
    },
    "DATASET.credit_profile": {
      "versionNumber": 1,
      "lastModifiedBy": {
        "login": "admin"
      },
      "lastModifiedOn": 1747748504304
    },
    "DATASET.credit_worthiness_with_labels": {
      "versionNumber": 2,
      "lastModifiedBy": {
        "login": "admin"
      },
      "lastModifiedOn": 1747679166760
    },
    "DATASET.features": {
      "versionNumber": 2,
      "lastModifiedBy": {
        "login": "admin"
      },
      "lastModifiedOn": 1747747762755
    },
    "DATASET.fraud_labels": {
      "versionNumber": 1,
      "lastModifiedBy": {
        "login": "admin"
      },
      "lastModifiedOn": 1747748464431
    },
    "DATASET.risky_domains": {
      "versionNumber": 2,
      "lastModifiedBy": {
        "login": "admin"
      },
      "lastModifiedOn": 1747682092658
    },
    "DATASET.ser_system_activity_log": {
      "versionNumber": 1,
      "lastModifiedBy": {
        "login": "admin"
      },
      "lastModifiedOn": 1747748396701
    },
    "DATASET.test": {
      "versionNumber": 2,
      "lastModifiedBy": {
        "login": "admin"
      },
      "lastModifiedOn": 1747748221433
    },
    "DATASET.train": {
      "versionNumber": 2,
      "lastModifiedBy": {
        "login": "admin"
      },
      "lastModifiedOn": 1747748221832
    },
    "DATASET.trans_with_fraud_lables": {
      "versionNumber": 1,
      "lastModifiedBy": {
        "login": "admin"
      },
      "lastModifiedOn": 1747683250931
    },
    "DATASET.user_profile": {
      "versionNumber": 2,
      "lastModifiedBy": {
        "login": "admin"
      },
      "lastModifiedOn": 1747680773667
    },
    "DATASET.user_profile_1": {
      "versionNumber": 1,
      "lastModifiedBy": {
        "login": "admin"
      },
      "lastModifiedOn": 1747748424285
    },
    "DATASET.user_profile_email_disect": {
      "versionNumber": 1,
      "lastModifiedBy": {
        "login": "admin"
      },
      "lastModifiedOn": 1747680919599
    },
    "DATASET.user_profile_with_risk_email_ind": {
      "versionNumber": 2,
      "lastModifiedBy": {
        "login": "admin"
      },
      "lastModifiedOn": 1747682359270
    },
    "DATASET.user_transactions": {
      "versionNumber": 1,
      "lastModifiedBy": {
        "login": "admin"
      },
      "lastModifiedOn": 1747748446587
    },
    "INSIGHT.3d11OtF": {
      "versionNumber": 0,
      "lastModifiedBy": {
        "login": "admin"
      },
      "lastModifiedOn": 1747681224181
    },
    "INSIGHT.9Drsdlv": {
      "versionNumber": 0,
      "lastModifiedBy": {
        "login": "admin"
      },
      "lastModifiedOn": 1747681089552
    },
    "INSIGHT.CIBIv70": {
      "versionNumber": 0,
      "lastModifiedBy": {
        "login": "admin"
      },
      "lastModifiedOn": 1747683587046
    },
    "INSIGHT.CPgPwIw": {
      "versionNumber": 0,
      "lastModifiedBy": {
        "login": "admin"
      },
      "lastModifiedOn": 1747681366728
    },
    "INSIGHT.FEzRAMq": {
      "versionNumber": 0,
      "lastModifiedBy": {
        "login": "admin"
      },
      "lastModifiedOn": 1747681686447
    },
    "INSIGHT.Jr1nlF4": {
      "versionNumber": 0,
      "lastModifiedBy": {
        "login": "admin"
      },
      "lastModifiedOn": 1747681834038
    },
    "INSIGHT.PcfbWZa": {
      "versionNumber": 0,
      "lastModifiedBy": {
        "login": "admin"
      },
      "lastModifiedOn": 1747683729752
    },
    "INSIGHT.TWOVfXr": {
      "versionNumber": 0,
      "lastModifiedBy": {
        "login": "admin"
      },
      "lastModifiedOn": 1747679968611
    },
    "INSIGHT.U2ELzM5": {
      "versionNumber": 0,
      "lastModifiedBy": {
        "login": "admin"
      },
      "lastModifiedOn": 1747680364746
    },
    "INSIGHT.VNwLNeJ": {
      "versionNumber": 0,
      "lastModifiedBy": {
        "login": "admin"
      },
      "lastModifiedOn": 1747683918468
    },
    "INSIGHT.WEDJOzi": {
      "versionNumber": 0,
      "lastModifiedBy": {
        "login": "admin"
      },
      "lastModifiedOn": 1747681089567
    },
    "INSIGHT.XSPktXa": {
      "versionNumber": 0,
      "lastModifiedBy": {
        "login": "admin"
      },
      "lastModifiedOn": 1747683964697
    },
    "INSIGHT.bHqCEOF": {
      "versionNumber": 0,
      "lastModifiedBy": {
        "login": "admin"
      },
      "lastModifiedOn": 1747684008272
    },
    "INSIGHT.bnzR5r5": {
      "versionNumber": 0,
      "lastModifiedBy": {
        "login": "admin"
      },
      "lastModifiedOn": 1747680145081
    },
    "INSIGHT.mFztifi": {
      "versionNumber": 0,
      "lastModifiedBy": {
        "login": "admin"
      },
      "lastModifiedOn": 1747679333181
    },
    "INSIGHT.nWB2Vtd": {
      "versionNumber": 0,
      "lastModifiedBy": {
        "login": "admin"
      },
      "lastModifiedOn": 1747679728055
    },
    "INSIGHT.wOc0NLL": {
      "versionNumber": 0,
      "lastModifiedBy": {
        "login": "admin"
      },
      "lastModifiedOn": 1747679676037
    },
    "INSIGHT.xbhVU7v": {
      "versionNumber": 0,
      "lastModifiedBy": {
        "login": "admin"
      },
      "lastModifiedOn": 1747680097172
    },
    "PROJECT.COMPLEX_SOLUTION_SUSHIL": {
      "versionNumber": 16,
      "lastModifiedBy": {
        "login": "admin"
      },
      "lastModifiedOn": 1747684008212
    },
    "RECIPE.compute_act_features": {
      "versionNumber": 1,
      "lastModifiedBy": {
        "login": "admin"
      },
      "lastModifiedOn": 1747747505885
    },
    "RECIPE.compute_act_tran_geo_palcements": {
      "versionNumber": 4,
      "lastModifiedBy": {
        "login": "admin"
      },
      "lastModifiedOn": 1747686038105
    },
    "RECIPE.compute_act_tran_geo_palcements_prepared": {
      "versionNumber": 2,
      "lastModifiedBy": {
        "login": "admin"
      },
      "lastModifiedOn": 1747747559588
    },
    "RECIPE.compute_activity_compliment_tran": {
      "versionNumber": 6,
      "lastModifiedBy": {
        "login": "admin"
      },
      "lastModifiedOn": 1747685662098
    },
    "RECIPE.compute_activity_with_fraud": {
      "versionNumber": 2,
      "lastModifiedBy": {
        "login": "admin"
      },
      "lastModifiedOn": 1747684529901
    },
    "RECIPE.compute_activity_with_fraud_labels": {
      "versionNumber": 1,
      "lastModifiedBy": {
        "login": "admin"
      },
      "lastModifiedOn": 1747683294275
    },
    "RECIPE.compute_city_geolocation_map": {
      "versionNumber": 1,
      "lastModifiedBy": {
        "login": "admin"
      },
      "lastModifiedOn": 1747748488752
    },
    "RECIPE.compute_credit_profile": {
      "versionNumber": 1,
      "lastModifiedBy": {
        "login": "admin"
      },
      "lastModifiedOn": 1747748506274
    },
    "RECIPE.compute_credit_worthiness_with_labels": {
      "versionNumber": 2,
      "lastModifiedBy": {
        "login": "admin"
      },
      "lastModifiedOn": 1747679168406
    },
    "RECIPE.compute_features": {
      "versionNumber": 5,
      "lastModifiedBy": {
        "login": "admin"
      },
      "lastModifiedOn": 1747747766557
    },
    "RECIPE.compute_fraud_labels": {
      "versionNumber": 1,
      "lastModifiedBy": {
        "login": "admin"
      },
      "lastModifiedOn": 1747748466162
    },
    "RECIPE.compute_risky_domains": {
      "versionNumber": 1,
      "lastModifiedBy": {
        "login": "admin"
      },
      "lastModifiedOn": 1747682009192
    },
    "RECIPE.compute_ser_system_activity_log": {
      "versionNumber": 1,
      "lastModifiedBy": {
        "login": "admin"
      },
      "lastModifiedOn": 1747748399011
    },
    "RECIPE.compute_test": {
      "versionNumber": 7,
      "lastModifiedBy": {
        "login": "admin"
      },
      "lastModifiedOn": 1747748227788
    },
    "RECIPE.compute_trans_with_fraud_lables": {
      "versionNumber": 1,
      "lastModifiedBy": {
        "login": "admin"
      },
      "lastModifiedOn": 1747683258559
    },
    "RECIPE.compute_user_profile": {
      "versionNumber": 4,
      "lastModifiedBy": {
        "login": "admin"
      },
      "lastModifiedOn": 1747680775858
    },
    "RECIPE.compute_user_profile_1": {
      "versionNumber": 1,
      "lastModifiedBy": {
        "login": "admin"
      },
      "lastModifiedOn": 1747748426254
    },
    "RECIPE.compute_user_profile_email_disect": {
      "versionNumber": 2,
      "lastModifiedBy": {
        "login": "admin"
      },
      "lastModifiedOn": 1747680920983
    },
    "RECIPE.compute_user_profile_with_risk_email_ind": {
      "versionNumber": 3,
      "lastModifiedBy": {
        "login": "admin"
      },
      "lastModifiedOn": 1747683061007
    },
    "RECIPE.compute_user_transactions": {
      "versionNumber": 1,
      "lastModifiedBy": {
        "login": "admin"
      },
      "lastModifiedOn": 1747748448311
    },
    "RECIPE.split_features": {
      "versionNumber": 2,
      "lastModifiedBy": {
        "login": "admin"
      },
      "lastModifiedOn": 1747686529045
    },
    "SQL_NOTEBOOK.zQnVuus": {
      "versionNumber": 2,
      "lastModifiedBy": {
        "login": "admin"
      },
      "lastModifiedOn": 1747684142410
    },
    "STATISTICS_WORKSHEET.uxHfLob6iI": {
      "versionNumber": 1,
      "lastModifiedBy": {
        "login": "admin"
      },
      "lastModifiedOn": 1747683355337
    }
  }
}