{
  "script": {
    "steps": [],
    "maxProcessedMemTableBytes": -1,
    "columnsSelection": {
      "mode": "ALL",
      "list": [
        {
          "name": "log_id",
          "d": true
        },
        {
          "name": "user_id",
          "d": true
        },
        {
          "name": "system_accessed",
          "d": true
        },
        {
          "name": "access_time",
          "d": true
        },
        {
          "name": "access_type",
          "d": true
        },
        {
          "name": "location",
          "d": true
        },
        {
          "name": "is_synthetic",
          "d": true
        },
        {
          "name": "access_timestamp",
          "d": true
        },
        {
          "name": "latitude",
          "d": true
        },
        {
          "name": "longitude",
          "d": true
        }
      ]
    },
    "columnOrder": [],
    "columnWidthsByName": {
      "log_id": 267,
      "user_id": 267,
      "system_accessed": 155,
      "access_time": 148,
      "access_type": 100,
      "location": 183,
      "latitude": 134,
      "longitude": 134,
      "is_synthetic": 105,
      "access_timestamp": 176
    },
    "columnUseScientificNotationByName": {},
    "coloring": {
      "scheme": "MEANING_AND_STATUS",
      "individualColumns": [],
      "individualColumnsRules": [],
      "valueColoringMode": "HASH",
      "coloringGroups": []
    },
    "sorting": [],
    "analysisColumnData": {},
    "explorationSampling": {
      "selection": {
        "maxRecordsForDisplay": -1,
        "maxStoredBytes": 104857600,
        "timeout": -1,
        "filter": {
          "distinct": false,
          "enabled": false,
          "uiData": {
            "mode": "\u0026\u0026",
            "conditions": [
              {
                "input": "is_synthetic",
                "operator": "\u003d\u003d [number]",
                "col": "user_id",
                "num": 1.0,
                "num2": 0.0
              }
            ]
          }
        },
        "partitionSelectionMethod": "ALL",
        "latestPartitionsN": 1,
        "ordering": {
          "enabled": false,
          "rules": []
        },
        "samplingMethod": "HEAD_SEQUENTIAL",
        "maxRecords": 10000,
        "targetRatio": 0.02,
        "ascending": true,
        "withinFirstN": -1,
        "maxReadUncompressedBytes": -1
      },
      "autoRefreshSample": false,
      "_refreshTrigger": 1747315071787
    },
    "vizSampling": {
      "selection": {
        "useMemTable": false,
        "filter": {
          "distinct": false,
          "enabled": false
        },
        "partitionSelectionMethod": "ALL",
        "latestPartitionsN": 1,
        "ordering": {
          "enabled": false,
          "rules": []
        },
        "samplingMethod": "FULL",
        "maxRecords": -1,
        "targetRatio": 0.02,
        "ascending": true,
        "withinFirstN": -1,
        "maxReadUncompressedBytes": -1
      },
      "autoRefreshSample": false,
      "_refreshTrigger": 0
    },
    "exploreUIParams": {
      "autoRefresh": true
    },
    "globalSearchQuery": "",
    "explorationFilters": [],
    "previewMode": "ALL_ROWS"
  },
  "charts": [],
  "interactiveSearch": {
    "savedQueries": []
  },
  "customMeasures": []
}