{
  "script": {
    "steps": [],
    "maxProcessedMemTableBytes": -1,
    "columnsSelection": {
      "mode": "ALL",
      "list": [
        {
          "name": "transaction_id",
          "d": true
        },
        {
          "name": "user_id",
          "d": true
        },
        {
          "name": "transaction_date",
          "d": true
        },
        {
          "name": "amount",
          "d": true
        },
        {
          "name": "transaction_type",
          "d": true
        },
        {
          "name": "merchant_category",
          "d": true
        },
        {
          "name": "location",
          "d": true
        },
        {
          "name": "is_synthetic",
          "d": true
        },
        {
          "name": "log_id",
          "d": true
        },
        {
          "name": "act_access_timestamp",
          "d": true
        },
        {
          "name": "act_location",
          "d": true
        },
        {
          "name": "act_geopoint",
          "d": true
        },
        {
          "name": "city",
          "d": true
        },
        {
          "name": "risky_ind",
          "d": true
        },
        {
          "name": "alt_city",
          "d": true
        },
        {
          "name": "tran_location",
          "d": true
        }
      ]
    },
    "columnOrder": [],
    "columnWidthsByName": {
      "transaction_id": 267,
      "user_id": 267,
      "transaction_date": 162,
      "amount": 134,
      "transaction_type": 135,
      "merchant_category": 143,
      "location": 176,
      "is_synthetic": 105,
      "log_id": 267,
      "act_access_timestamp": 190,
      "act_location": 105,
      "act_geopoint": 300,
      "tran_location": 113,
      "city": 127,
      "risky_ind": 134,
      "alt_city": 113
    },
    "columnUseScientificNotationByName": {},
    "coloring": {
      "scheme": "MEANING_AND_STATUS",
      "individualColumns": [],
      "individualColumnsRules": [],
      "valueColoringMode": "HASH",
      "coloringGroups": []
    },
    "sorting": [],
    "analysisColumnData": {},
    "explorationSampling": {
      "selection": {
        "maxRecordsForDisplay": -1,
        "maxStoredBytes": 104857600,
        "timeout": -1,
        "filter": {
          "distinct": false,
          "enabled": false
        },
        "partitionSelectionMethod": "ALL",
        "latestPartitionsN": 1,
        "ordering": {
          "enabled": false,
          "rules": []
        },
        "samplingMethod": "HEAD_SEQUENTIAL",
        "maxRecords": 10000,
        "targetRatio": 0.02,
        "ascending": true,
        "withinFirstN": -1,
        "maxReadUncompressedBytes": -1
      },
      "autoRefreshSample": false,
      "_refreshTrigger": 0
    },
    "vizSampling": {
      "selection": {
        "useMemTable": false,
        "filter": {
          "distinct": false,
          "enabled": false
        },
        "partitionSelectionMethod": "ALL",
        "latestPartitionsN": 1,
        "ordering": {
          "enabled": false,
          "rules": []
        },
        "samplingMethod": "FULL",
        "maxRecords": -1,
        "targetRatio": 0.02,
        "ascending": true,
        "withinFirstN": -1,
        "maxReadUncompressedBytes": -1
      },
      "autoRefreshSample": false,
      "_refreshTrigger": 0
    },
    "exploreUIParams": {
      "autoRefresh": true
    },
    "globalSearchQuery": "",
    "explorationFilters": [
      {
        "column": "is_synthetic",
        "type": "columnFilter",
        "currentMode": "FACET",
        "active": true,
        "facet": {
          "type": "facet",
          "column": "is_synthetic",
          "columnType": "NUMERICAL",
          "currentMode": "ALPHANUM",
          "sort": "count",
          "selectedValues": {}
        },
        "alphanumFilter": {
          "type": "alphanum",
          "column": "is_synthetic",
          "selectedValues": [],
          "params": {
            "mode": "full_string",
            "normalization": "exact"
          }
        },
        "validityFilter": {
          "type": "validity",
          "column": "is_synthetic",
          "params": {
            "type": "LongMeaning",
            "ok": true,
            "nok": true,
            "empty": true
          }
        }
      },
      {
        "column": "alt_city",
        "type": "columnFilter",
        "currentMode": "FACET",
        "active": true,
        "facet": {
          "type": "facet",
          "column": "alt_city",
          "columnType": "ALPHANUM",
          "currentMode": "ALPHANUM",
          "sort": "count",
          "selectedValues": {}
        },
        "alphanumFilter": {
          "type": "alphanum",
          "column": "alt_city",
          "selectedValues": [],
          "params": {
            "mode": "full_string",
            "normalization": "exact"
          }
        },
        "validityFilter": {
          "type": "validity",
          "column": "alt_city",
          "params": {
            "type": "Text",
            "ok": true,
            "nok": true,
            "empty": true
          }
        }
      }
    ],
    "previewMode": "ALL_ROWS"
  },
  "charts": [],
  "interactiveSearch": {
    "savedQueries": []
  },
  "customMeasures": []
}