{
  "state": "FAILED",
  "failure": {
    "errorType": "com.dataiku.dip.io.SocketBlockLinkKernelException",
    "message": "Failed to train : \u003cclass \u0027xgboost.core.XGBoostError\u0027\u003e : \nXGBoost Library (libxgboost.dylib) could not be loaded.\nLikely causes:\n  * OpenMP runtime is not installed\n    - vcomp140.dll or libgomp-1.dll for Windows\n    - libomp.dylib for Mac OSX\n    - libgomp.so for Linux and other UNIX-like OSes\n    Mac OSX users: Run `brew install libomp` to install OpenMP runtime.\n\n  * You are running 32-bit Python on a 64-bit OS\n\nError message(s): [\"dlopen(/Users/sushil/Library/DataScienceStudio/kits/dataiku-dss-13.5.0-osx/python37.packages/xgboost/lib/libxgboost.dylib, 0x0006): Library not loaded: /usr/local/opt/libomp/lib/libomp.dylib\\n  Referenced from: \u003c4D0FF2E5-E6B5-33EC-95A4-F63DEE574377\u003e /Users/sushil/Library/DataScienceStudio/kits/dataiku-dss-13.5.0-osx/python37.packages/xgboost/lib/libxgboost.dylib\\n  Reason: tried: \u0027/usr/local/opt/libomp/lib/libomp.dylib\u0027 (no such file), \u0027/System/Volumes/Preboot/Cryptexes/OS/usr/local/opt/libomp/lib/libomp.dylib\u0027 (no such file), \u0027/usr/local/opt/libomp/lib/libomp.dylib\u0027 (no such file), \u0027/usr/local/lib/libomp.dylib\u0027 (no such file), \u0027/usr/lib/libomp.dylib\u0027 (no such file, not in dyld cache)\"]\n",
    "detailedMessage": "Failed to train : \u003cclass \u0027xgboost.core.XGBoostError\u0027\u003e : \nXGBoost Library (libxgboost.dylib) could not be loaded.\nLikely causes:\n  * OpenMP runtime is not installed\n    - vcomp140.dll or libgomp-1.dll for Windows\n    - libomp.dylib for Mac OSX\n    - libgomp.so for Linux and other UNIX-like OSes\n    Mac OSX users: Run `brew install libomp` to install OpenMP runtime.\n\n  * You are running 32-bit Python on a 64-bit OS\n\nError message(s): [\"dlopen(/Users/sushil/Library/DataScienceStudio/kits/dataiku-dss-13.5.0-osx/python37.packages/xgboost/lib/libxgboost.dylib, 0x0006): Library not loaded: /usr/local/opt/libomp/lib/libomp.dylib\\n  Referenced from: \u003c4D0FF2E5-E6B5-33EC-95A4-F63DEE574377\u003e /Users/sushil/Library/DataScienceStudio/kits/dataiku-dss-13.5.0-osx/python37.packages/xgboost/lib/libxgboost.dylib\\n  Reason: tried: \u0027/usr/local/opt/libomp/lib/libomp.dylib\u0027 (no such file), \u0027/System/Volumes/Preboot/Cryptexes/OS/usr/local/opt/libomp/lib/libomp.dylib\u0027 (no such file), \u0027/usr/local/opt/libomp/lib/libomp.dylib\u0027 (no such file), \u0027/usr/local/lib/libomp.dylib\u0027 (no such file), \u0027/usr/lib/libomp.dylib\u0027 (no such file, not in dyld cache)\"]\n",
    "detailedMessageHTML": "\u003cspan\u003e\u003cspan class\u003d\"err-msg\"\u003eFailed to train : \u0026lt;class \u0027xgboost.core.XGBoostError\u0027\u0026gt; : \nXGBoost Library (libxgboost.dylib) could not be loaded.\nLikely causes:\n  * OpenMP runtime is not installed\n    - vcomp140.dll or libgomp-1.dll for Windows\n    - libomp.dylib for Mac OSX\n    - libgomp.so for Linux and other UNIX-like OSes\n    Mac OSX users: Run `brew install libomp` to install OpenMP runtime.\n\n  * You are running 32-bit Python on a 64-bit OS\n\nError message(s): [\u0026quot;dlopen(/Users/sushil/Library/DataScienceStudio/kits/dataiku-dss-13.5.0-osx/python37.packages/xgboost/lib/libxgboost.dylib, 0x0006): Library not loaded: /usr/local/opt/libomp/lib/libomp.dylib\\n  Referenced from: \u0026lt;4D0FF2E5-E6B5-33EC-95A4-F63DEE574377\u0026gt; /Users/sushil/Library/DataScienceStudio/kits/dataiku-dss-13.5.0-osx/python37.packages/xgboost/lib/libxgboost.dylib\\n  Reason: tried: \u0027/usr/local/opt/libomp/lib/libomp.dylib\u0027 (no such file), \u0027/System/Volumes/Preboot/Cryptexes/OS/usr/local/opt/libomp/lib/libomp.dylib\u0027 (no such file), \u0027/usr/local/opt/libomp/lib/libomp.dylib\u0027 (no such file), \u0027/usr/local/lib/libomp.dylib\u0027 (no such file), \u0027/usr/lib/libomp.dylib\u0027 (no such file, not in dyld cache)\u0026quot;]\n\u003c/span\u003e\u003c/span\u003e",
    "stackTraceStr": "com.dataiku.dip.io.SocketBlockLinkKernelException: Failed to train : \u003cclass \u0027xgboost.core.XGBoostError\u0027\u003e : \nXGBoost Library (libxgboost.dylib) could not be loaded.\nLikely causes:\n  * OpenMP runtime is not installed\n    - vcomp140.dll or libgomp-1.dll for Windows\n    - libomp.dylib for Mac OSX\n    - libgomp.so for Linux and other UNIX-like OSes\n    Mac OSX users: Run `brew install libomp` to install OpenMP runtime.\n\n  * You are running 32-bit Python on a 64-bit OS\n\nError message(s): [\"dlopen(/Users/sushil/Library/DataScienceStudio/kits/dataiku-dss-13.5.0-osx/python37.packages/xgboost/lib/libxgboost.dylib, 0x0006): Library not loaded: /usr/local/opt/libomp/lib/libomp.dylib\\n  Referenced from: \u003c4D0FF2E5-E6B5-33EC-95A4-F63DEE574377\u003e /Users/sushil/Library/DataScienceStudio/kits/dataiku-dss-13.5.0-osx/python37.packages/xgboost/lib/libxgboost.dylib\\n  Reason: tried: \u0027/usr/local/opt/libomp/lib/libomp.dylib\u0027 (no such file), \u0027/System/Volumes/Preboot/Cryptexes/OS/usr/local/opt/libomp/lib/libomp.dylib\u0027 (no such file), \u0027/usr/local/opt/libomp/lib/libomp.dylib\u0027 (no such file), \u0027/usr/local/lib/libomp.dylib\u0027 (no such file), \u0027/usr/lib/libomp.dylib\u0027 (no such file, not in dyld cache)\"]\n\n\tat com.dataiku.dip.io.SocketBlockLinkInteraction.throwExceptionFromPython(SocketBlockLinkInteraction.java:306)\n\tat com.dataiku.dip.io.SocketBlockLinkInteraction$AsyncResult.checkException(SocketBlockLinkInteraction.java:219)\n\tat com.dataiku.dip.io.SocketBlockLinkInteraction$AsyncResult.get(SocketBlockLinkInteraction.java:194)\n\tat com.dataiku.dip.io.SingleCommandKernelLink$1.call(SingleCommandKernelLink.java:215)\n\tat com.dataiku.dip.analysis.ml.prediction.PredictionTrainAdditionalThread.process(PredictionTrainAdditionalThread.java:76)\n\tat com.dataiku.dip.analysis.ml.shared.PRNSTrainThread.run(PRNSTrainThread.java:164)\nFile /Users/sushil/Library/DataScienceStudio/kits/dataiku-dss-13.5.0-osx/python/dataiku/doctor/server.py, line 45, in serve\n\tret \u003d api_command(arg)\nFile /Users/sushil/Library/DataScienceStudio/kits/dataiku-dss-13.5.0-osx/python/dataiku/doctor/dkuapi.py, line 46, in aux\n\treturn api(**kwargs)\nFile /Users/sushil/Library/DataScienceStudio/kits/dataiku-dss-13.5.0-osx/python/dataiku/doctor/commands.py, line 391, in train_prediction_models_nosave\n\tml_overrides_params)\nFile /Users/sushil/Library/DataScienceStudio/kits/dataiku-dss-13.5.0-osx/python/dataiku/doctor/prediction_entrypoints.py, line 132, in prediction_train_score_save\n\tModelSerializer.build(model, model_folder_context, train_X.columns(), calibrate_proba).serialize()\nFile /Users/sushil/Library/DataScienceStudio/kits/dataiku-dss-13.5.0-osx/python/dataiku/doctor/prediction/prediction_model_serialization.py, line 96, in serialize\n\tdump_model_to_folder(self.clf, self.model_folder_context, pkl_filename\u003dpkl_filename)\nFile /Users/sushil/Library/DataScienceStudio/kits/dataiku-dss-13.5.0-osx/python/dataiku/doctor/utils/model_io.py, line 43, in dump_model_to_folder\n\tfrom dataiku.doctor.prediction.dku_xgboost import DkuXGBClassifier\nFile /Users/sushil/Library/DataScienceStudio/kits/dataiku-dss-13.5.0-osx/python/dataiku/doctor/prediction/dku_xgboost.py, line 9, in \u003cmodule\u003e\n\timport xgboost\nFile /Users/sushil/Library/DataScienceStudio/kits/dataiku-dss-13.5.0-osx/python37.packages/xgboost/__init__.py, line 9, in \u003cmodule\u003e\n\tfrom .core import DMatrix, DeviceQuantileDMatrix, Booster, DataIter\nFile /Users/sushil/Library/DataScienceStudio/kits/dataiku-dss-13.5.0-osx/python37.packages/xgboost/core.py, line 203, in \u003cmodule\u003e\n\t_LIB \u003d _load_lib()\nFile /Users/sushil/Library/DataScienceStudio/kits/dataiku-dss-13.5.0-osx/python37.packages/xgboost/core.py, line 194, in _load_lib\n\t\"\"\")\n",
    "stackTrace": [
      {
        "file": "SocketBlockLinkInteraction.java",
        "line": 306,
        "function": "com.dataiku.dip.io.SocketBlockLinkInteraction.throwExceptionFromPython"
      },
      {
        "file": "SocketBlockLinkInteraction.java",
        "line": 219,
        "function": "com.dataiku.dip.io.SocketBlockLinkInteraction$AsyncResult.checkException"
      },
      {
        "file": "SocketBlockLinkInteraction.java",
        "line": 194,
        "function": "com.dataiku.dip.io.SocketBlockLinkInteraction$AsyncResult.get"
      },
      {
        "file": "SingleCommandKernelLink.java",
        "line": 215,
        "function": "com.dataiku.dip.io.SingleCommandKernelLink$1.call"
      },
      {
        "file": "PredictionTrainAdditionalThread.java",
        "line": 76,
        "function": "com.dataiku.dip.analysis.ml.prediction.PredictionTrainAdditionalThread.process"
      },
      {
        "file": "PRNSTrainThread.java",
        "line": 164,
        "function": "com.dataiku.dip.analysis.ml.shared.PRNSTrainThread.run"
      },
      {
        "file": "CausedBy",
        "line": 0,
        "function": "foreign code"
      },
      {
        "file": "/Users/sushil/Library/DataScienceStudio/kits/dataiku-dss-13.5.0-osx/python/dataiku/doctor/server.py",
        "line": 45,
        "function": "serve"
      },
      {
        "line": 0,
        "function": "\tret \u003d api_command(arg)"
      },
      {
        "file": "/Users/sushil/Library/DataScienceStudio/kits/dataiku-dss-13.5.0-osx/python/dataiku/doctor/dkuapi.py",
        "line": 46,
        "function": "aux"
      },
      {
        "line": 0,
        "function": "\treturn api(**kwargs)"
      },
      {
        "file": "/Users/sushil/Library/DataScienceStudio/kits/dataiku-dss-13.5.0-osx/python/dataiku/doctor/commands.py",
        "line": 391,
        "function": "train_prediction_models_nosave"
      },
      {
        "line": 0,
        "function": "\tml_overrides_params)"
      },
      {
        "file": "/Users/sushil/Library/DataScienceStudio/kits/dataiku-dss-13.5.0-osx/python/dataiku/doctor/prediction_entrypoints.py",
        "line": 132,
        "function": "prediction_train_score_save"
      },
      {
        "line": 0,
        "function": "\tModelSerializer.build(model, model_folder_context, train_X.columns(), calibrate_proba).serialize()"
      },
      {
        "file": "/Users/sushil/Library/DataScienceStudio/kits/dataiku-dss-13.5.0-osx/python/dataiku/doctor/prediction/prediction_model_serialization.py",
        "line": 96,
        "function": "serialize"
      },
      {
        "line": 0,
        "function": "\tdump_model_to_folder(self.clf, self.model_folder_context, pkl_filename\u003dpkl_filename)"
      },
      {
        "file": "/Users/sushil/Library/DataScienceStudio/kits/dataiku-dss-13.5.0-osx/python/dataiku/doctor/utils/model_io.py",
        "line": 43,
        "function": "dump_model_to_folder"
      },
      {
        "line": 0,
        "function": "\tfrom dataiku.doctor.prediction.dku_xgboost import DkuXGBClassifier"
      },
      {
        "file": "/Users/sushil/Library/DataScienceStudio/kits/dataiku-dss-13.5.0-osx/python/dataiku/doctor/prediction/dku_xgboost.py",
        "line": 9,
        "function": "\u003cmodule\u003e"
      },
      {
        "line": 0,
        "function": "\timport xgboost"
      },
      {
        "file": "/Users/sushil/Library/DataScienceStudio/kits/dataiku-dss-13.5.0-osx/python37.packages/xgboost/__init__.py",
        "line": 9,
        "function": "\u003cmodule\u003e"
      },
      {
        "line": 0,
        "function": "\tfrom .core import DMatrix, DeviceQuantileDMatrix, Booster, DataIter"
      },
      {
        "file": "/Users/sushil/Library/DataScienceStudio/kits/dataiku-dss-13.5.0-osx/python37.packages/xgboost/core.py",
        "line": 203,
        "function": "\u003cmodule\u003e"
      },
      {
        "line": 0,
        "function": "\t_LIB \u003d _load_lib()"
      },
      {
        "file": "/Users/sushil/Library/DataScienceStudio/kits/dataiku-dss-13.5.0-osx/python37.packages/xgboost/core.py",
        "line": 194,
        "function": "_load_lib"
      },
      {
        "line": 0,
        "function": "\t\"\"\")"
      }
    ],
    "logTail": {
      "totalLines": 415,
      "lines": [
        "[2025-05-20 19:08:38,021] [91821/MainThread] [DEBUG] [dku.ml.preprocessing] Realign target series \u003d (163,)",
        "[2025-05-20 19:08:38,021] [91821/MainThread] [DEBUG] [dku.ml.preprocessing] After realign target: (163,)",
        "[2025-05-20 19:08:38,021] [91821/MainThread] [DEBUG] [dku.ml.preprocessing] PROCESS WITH Step:DropRowsWhereNoTarget",
        "[2025-05-20 19:08:38,021] [91821/MainThread] [DEBUG] [dku.ml.preprocessing] Deleting 0 rows because one of [\u0027target\u0027] is missing or infinity",
        "[2025-05-20 19:08:38,021] [91821/MainThread] [DEBUG] [dku.ml.preprocessing] MF before \u003d (163, 9)",
        "[2025-05-20 19:08:38,021] [91821/MainThread] [DEBUG] [dku.ml.preprocessing] target before \u003d (163,)",
        "[2025-05-20 19:08:38,022] [91821/MainThread] [INFO] [dataiku.doctor.multiframe] MultiFrame, dropping rows: []",
        "[2025-05-20 19:08:38,023] [91821/MainThread] [DEBUG] [dku.ml.preprocessing] After DRWNT input_df\u003d(163, 21)",
        "[2025-05-20 19:08:38,023] [91821/MainThread] [DEBUG] [dku.ml.preprocessing] MF after \u003d (163, 9)",
        "[2025-05-20 19:08:38,023] [91821/MainThread] [DEBUG] [dku.ml.preprocessing] target after \u003d (163,)",
        "[2025-05-20 19:08:38,023] [91821/MainThread] [DEBUG] [dku.ml.preprocessing] PROCESS WITH Step:DumpPipelineState",
        "[2025-05-20 19:08:38,023] [91821/MainThread] [DEBUG] [dku.ml.preprocessing] ********* Pipeline state (Before feature selection)",
        "[2025-05-20 19:08:38,023] [91821/MainThread] [DEBUG] [dku.ml.preprocessing]    input_df\u003d (163, 21) ",
        "[2025-05-20 19:08:38,023] [91821/MainThread] [DEBUG] [dku.ml.preprocessing]    current_mf\u003d(163, 9) ",
        "[2025-05-20 19:08:38,023] [91821/MainThread] [DEBUG] [dku.ml.preprocessing]    PPR: ",
        "[2025-05-20 19:08:38,023] [91821/MainThread] [DEBUG] [dku.ml.preprocessing]       target \u003d \u003cclass \u0027pandas.core.series.Series\u0027\u003e ((163,))",
        "[2025-05-20 19:08:38,023] [91821/MainThread] [DEBUG] [dku.ml.preprocessing] PROCESS WITH Step:EmitCurrentMFAsResult",
        "[2025-05-20 19:08:38,023] [91821/MainThread] [INFO] [dataiku.doctor.multiframe] Set MF index len 163",
        "[2025-05-20 19:08:38,023] [91821/MainThread] [DEBUG] [dku.ml.preprocessing] PROCESS WITH Step:DumpPipelineState",
        "[2025-05-20 19:08:38,023] [91821/MainThread] [DEBUG] [dku.ml.preprocessing] ********* Pipeline state (At end)",
        "[2025-05-20 19:08:38,023] [91821/MainThread] [DEBUG] [dku.ml.preprocessing]    input_df\u003d (163, 21) ",
        "[2025-05-20 19:08:38,023] [91821/MainThread] [DEBUG] [dku.ml.preprocessing]    current_mf\u003d(0, 0) ",
        "[2025-05-20 19:08:38,023] [91821/MainThread] [DEBUG] [dku.ml.preprocessing]    PPR: ",
        "[2025-05-20 19:08:38,024] [91821/MainThread] [DEBUG] [dku.ml.preprocessing]       target \u003d \u003cclass \u0027pandas.core.series.Series\u0027\u003e ((163,))",
        "[2025-05-20 19:08:38,024] [91821/MainThread] [DEBUG] [dku.ml.preprocessing]       TRAIN \u003d \u003cclass \u0027dataiku.doctor.multiframe.MultiFrame\u0027\u003e ((163, 9))",
        "[2025-05-20 19:08:38,024] [91821/MainThread] [DEBUG] [dku.ml.preprocessing]       UNPROCESSED \u003d \u003cclass \u0027pandas.core.frame.DataFrame\u0027\u003e ((163, 21))",
        "[2025-05-20 19:08:38,024] [91821/MainThread] [INFO] [root] test multiframe initial size: 163",
        "[2025-05-20 19:08:38,024] [91821/MainThread] [INFO] [dataiku.doctor.utils.listener] END -  Preprocessing test set",
        "[2025-05-20 19:08:38,024] [91821/MainThread] [INFO] [dataiku.doctor.utils.listener] START -  Fitting model",
        "[2025-05-20 19:08:38,025] [91821/MainThread] [INFO] [dataiku.doctor.prediction.common] NaN support unavailable: incompatible algorithm DECISION_TREE_CLASSIFICATION on scikit-learn\u003d\u003d1.0.2",
        "[2025-05-20 19:08:38,025] [91821/MainThread] [INFO] [dataiku.doctor.sparse] Algorithm doesn\u0027t support sparse matrices, using NPA",
        "[2025-05-20 19:08:38,025] [91821/MainThread] [INFO] [dataiku.doctor.prediction.common] Create CLF from params: {\u0027algorithm\u0027: \u0027DECISION_TREE_CLASSIFICATION\u0027, \u0027dtc_classifier_grid\u0027: {\u0027max_depth\u0027: {\u0027gridMode\u0027: \u0027EXPLICIT\u0027, \u0027randomMode\u0027: \u0027RANGE\u0027, \u0027limit\u0027: {\u0027min\u0027: 1}, \u0027values\u0027: [5], \u0027range\u0027: {\u0027min\u0027: 3, \u0027max\u0027: 10, \u0027nbValues\u0027: 3, \u0027scaling\u0027: \u0027LINEAR\u0027}}, \u0027min_samples_leaf\u0027: {\u0027gridMode\u0027: \u0027EXPLICIT\u0027, \u0027randomMode\u0027: \u0027RANGE\u0027, \u0027limit\u0027: {\u0027min\u0027: 1}, \u0027values\u0027: [1], \u0027range\u0027: {\u0027min\u0027: 1, \u0027max\u0027: 20, \u0027nbValues\u0027: 3, \u0027scaling\u0027: \u0027LINEAR\u0027}}, \u0027criterion\u0027: {\u0027values\u0027: {\u0027entropy\u0027: {\u0027enabled\u0027: False}, \u0027gini\u0027: {\u0027enabled\u0027: True}}}, \u0027splitter\u0027: {\u0027values\u0027: {\u0027best\u0027: {\u0027enabled\u0027: True}, \u0027random\u0027: {\u0027enabled\u0027: False}}}, \u0027enabled\u0027: True}, \u0027max_ensemble_nodes_serialized\u0027: 0, \u0027metrics\u0027: {\u0027customMetrics\u0027: [], \u0027evaluationMetric\u0027: \u0027ROC_AUC\u0027, \u0027classAveragingMethod\u0027: \u0027MACRO\u0027, \u0027thresholdOptimizationMetric\u0027: \u0027F1\u0027, \u0027costMatrixWeights\u0027: {\u0027tpGain\u0027: 1.0, \u0027tnGain\u0027: 0.0, \u0027fpGain\u0027: -0.3, \u0027fnGain\u0027: 0.0}, \u0027liftPoint\u0027: 0.4, \u0027netUpliftPoint\u0027: 0.5, \u0027causalWeighting\u0027: \u0027NO_WEIGHTING\u0027}, \u0027autoOptimizeThreshold\u0027: True, \u0027forcedClassifierThreshold\u0027: 0.0, \u0027gridLength\u0027: 1, \u0027grid_search_params\u0027: {\u0027mode\u0027: \u0027KFOLD\u0027, \u0027splitRatio\u0027: 0.8, \u0027shuffleIterations\u0027: 1, \u0027nFolds\u0027: 5, \u0027cvSeed\u0027: 1337, \u0027stratified\u0027: True, \u0027grouped\u0027: False, \u0027strategy\u0027: \u0027GRID\u0027, \u0027bayesianOptimizer\u0027: \u0027SCIKIT_OPTIMIZE\u0027, \u0027randomized\u0027: True, \u0027seed\u0027: 1337, \u0027nIter\u0027: 0, \u0027nIterRandom\u0027: 5, \u0027timeout\u0027: 0, \u0027nJobs\u0027: 4, \u0027distributed\u0027: False, \u0027nContainers\u0027: 4, \u0027foldOffset\u0027: True, \u0027equalDurationFolds\u0027: False}, \u0027pluginAlgoCustomGridSearch\u0027: False, \u0027computeLearningCurves\u0027: False, \u0027skipExpensiveReports\u0027: False, \u0027propensityModeling\u0027: {\u0027enabled\u0027: True, \u0027calibrateProbabilities\u0027: False, \u0027calibrationDataRatio\u0027: 0.1}} for algorithm DECISION_TREE_CLASSIFICATION",
        "[2025-05-20 19:08:38,026] [91821/MainThread] [INFO] [dataiku.doctor.prediction.common] Using stratified K-Fold CV with k\u003d5",
        "[2025-05-20 19:08:38,044] [91821/MainThread] [INFO] [dataiku.doctor.crossval.search_evaluation_monitor] No distributed container configuration is available to run this search",
        "[2025-05-20 19:08:38,046] [91821/MainThread] [INFO] [dataiku.doctor.crossval.search_runner] Got single-point space, not performing hyperparameter search",
        "[2025-05-20 19:08:38,046] [91821/MainThread] [INFO] [dataiku.doctor.crossval.strategies.grid_search_strategy] Running GridSearchStrategy for hyperparameters space: \u003cdataiku.doctor.prediction.common.HyperparametersSpace object at 0x14b600d10\u003e",
        "[2025-05-20 19:08:38,046] [91821/MainThread] [INFO] [dataiku.doctor.prediction.common] Fitting model:",
        "[2025-05-20 19:08:38,047] [91821/MainThread] [INFO] [dataiku.doctor.prediction.common]   Model is: DecisionTreeClassifier(class_weight\u003d{0: 0.5587719298245614,",
        "                                     1: 4.753731343283582},",
        "                       max_depth\u003d5, random_state\u003d1337)",
        "[2025-05-20 19:08:38,047] [91821/MainThread] [INFO] [dataiku.doctor.prediction.common]   train_X class: \u003cclass \u0027numpy.ndarray\u0027\u003e",
        "[2025-05-20 19:08:38,047] [91821/MainThread] [INFO] [dataiku.doctor.prediction.common]   train_X shape: (637, 9)",
        "[2025-05-20 19:08:38,047] [91821/MainThread] [INFO] [dataiku.doctor.prediction.common]   train_y shape: (637,)",
        "[2025-05-20 19:08:38,049] [91821/MainThread] [INFO] [dataiku.doctor.prediction.classification_fit] DT params are {\u0027ccp_alpha\u0027: 0.0, \u0027class_weight\u0027: {0: 0.5587719298245614, 1: 4.753731343283582}, \u0027criterion\u0027: \u0027gini\u0027, \u0027max_depth\u0027: 5, \u0027max_features\u0027: None, \u0027max_leaf_nodes\u0027: None, \u0027min_impurity_decrease\u0027: 0.0, \u0027min_samples_leaf\u0027: 1, \u0027min_samples_split\u0027: 2, \u0027min_weight_fraction_leaf\u0027: 0.0, \u0027random_state\u0027: 1337, \u0027splitter\u0027: \u0027best\u0027} ",
        "[2025-05-20 19:08:38,049] [91821/MainThread] [INFO] [dataiku.doctor.prediction.classification_fit] Output params are {\u0027resolved\u0027: {\u0027algorithm\u0027: \u0027DECISION_TREE_CLASSIFICATION\u0027, \u0027skipExpensiveReports\u0027: False, \u0027dt\u0027: {\u0027max_depth\u0027: 5, \u0027criterion\u0027: \u0027gini\u0027, \u0027min_samples_leaf\u0027: 1, \u0027splitter\u0027: \u0027best\u0027}}, \u0027other\u0027: {}}",
        "[2025-05-20 19:08:38,050] [91821/MainThread] [INFO] [dataiku.doctor.utils.listener] END -  Fitting model",
        "[2025-05-20 19:08:38,050] [91821/MainThread] [INFO] [dataiku.doctor.utils.listener] START -  Saving model",
        "[2025-05-20 19:08:38,076] [91821/MainThread] [INFO] [dataiku.doctor.utils.listener] END -  Saving model",
        "Traceback (most recent call last):",
        "  File \"/Users/sushil/Library/DataScienceStudio/kits/dataiku-dss-13.5.0-osx/python/dataiku/doctor/server.py\", line 45, in serve",
        "    ret \u003d api_command(arg)",
        "  File \"/Users/sushil/Library/DataScienceStudio/kits/dataiku-dss-13.5.0-osx/python/dataiku/doctor/dkuapi.py\", line 46, in aux",
        "    return api(**kwargs)",
        "  File \"/Users/sushil/Library/DataScienceStudio/kits/dataiku-dss-13.5.0-osx/python/dataiku/doctor/commands.py\", line 391, in train_prediction_models_nosave",
        "    ml_overrides_params)",
        "  File \"/Users/sushil/Library/DataScienceStudio/kits/dataiku-dss-13.5.0-osx/python/dataiku/doctor/prediction_entrypoints.py\", line 132, in prediction_train_score_save",
        "    ModelSerializer.build(model, model_folder_context, train_X.columns(), calibrate_proba).serialize()",
        "  File \"/Users/sushil/Library/DataScienceStudio/kits/dataiku-dss-13.5.0-osx/python/dataiku/doctor/prediction/prediction_model_serialization.py\", line 96, in serialize",
        "    dump_model_to_folder(self.clf, self.model_folder_context, pkl_filename\u003dpkl_filename)",
        "  File \"/Users/sushil/Library/DataScienceStudio/kits/dataiku-dss-13.5.0-osx/python/dataiku/doctor/utils/model_io.py\", line 43, in dump_model_to_folder",
        "    from dataiku.doctor.prediction.dku_xgboost import DkuXGBClassifier",
        "  File \"/Users/sushil/Library/DataScienceStudio/kits/dataiku-dss-13.5.0-osx/python/dataiku/doctor/prediction/dku_xgboost.py\", line 9, in \u003cmodule\u003e",
        "    import xgboost",
        "  File \"/Users/sushil/Library/DataScienceStudio/kits/dataiku-dss-13.5.0-osx/python37.packages/xgboost/__init__.py\", line 9, in \u003cmodule\u003e",
        "    from .core import DMatrix, DeviceQuantileDMatrix, Booster, DataIter",
        "  File \"/Users/sushil/Library/DataScienceStudio/kits/dataiku-dss-13.5.0-osx/python37.packages/xgboost/core.py\", line 203, in \u003cmodule\u003e",
        "    _LIB \u003d _load_lib()",
        "  File \"/Users/sushil/Library/DataScienceStudio/kits/dataiku-dss-13.5.0-osx/python37.packages/xgboost/core.py\", line 194, in _load_lib",
        "    \"\"\")",
        "xgboost.core.XGBoostError: ",
        "XGBoost Library (libxgboost.dylib) could not be loaded.",
        "Likely causes:",
        "  * OpenMP runtime is not installed",
        "    - vcomp140.dll or libgomp-1.dll for Windows",
        "    - libomp.dylib for Mac OSX",
        "    - libgomp.so for Linux and other UNIX-like OSes",
        "    Mac OSX users: Run `brew install libomp` to install OpenMP runtime.",
        "  * You are running 32-bit Python on a 64-bit OS",
        "Error message(s): [\"dlopen(/Users/sushil/Library/DataScienceStudio/kits/dataiku-dss-13.5.0-osx/python37.packages/xgboost/lib/libxgboost.dylib, 0x0006): Library not loaded: /usr/local/opt/libomp/lib/libomp.dylib\\n  Referenced from: \u003c4D0FF2E5-E6B5-33EC-95A4-F63DEE574377\u003e /Users/sushil/Library/DataScienceStudio/kits/dataiku-dss-13.5.0-osx/python37.packages/xgboost/lib/libxgboost.dylib\\n  Reason: tried: \u0027/usr/local/opt/libomp/lib/libomp.dylib\u0027 (no such file), \u0027/System/Volumes/Preboot/Cryptexes/OS/usr/local/opt/libomp/lib/libomp.dylib\u0027 (no such file), \u0027/usr/local/opt/libomp/lib/libomp.dylib\u0027 (no such file), \u0027/usr/local/lib/libomp.dylib\u0027 (no such file), \u0027/usr/lib/libomp.dylib\u0027 (no such file, not in dyld cache)\"]",
        "[2025-05-20 19:08:38,078] [91821/MainThread] [INFO] [dataiku.base.socket_block_link] Client closed"
      ],
      "status": [
        0,
        0,
        0,
        0,
        0,
        0,
        1,
        0,
        0,
        0,
        0,
        0,
        0,
        0,
        0,
        0,
        0,
        1,
        0,
        0,
        0,
        0,
        0,
        0,
        0,
        0,
        1,
        1,
        1,
        1,
        1,
        1,
        1,
        1,
        1,
        1,
        1,
        1,
        1,
        1,
        1,
        1,
        1,
        1,
        1,
        1,
        1,
        1,
        3,
        1,
        1,
        1,
        1,
        1,
        1,
        1,
        1,
        1,
        1,
        1,
        1,
        1,
        1,
        1,
        1,
        1,
        1,
        1,
        1,
        1,
        1,
        1,
        1,
        1,
        1,
        1,
        1,
        1,
        1,
        1
      ],
      "maxLevel": 3,
      "maxLevelFirstLine": 48
    }
  },
  "preSearchDescription": {
    "gridLength": 1,
    "searchStrategy": "GRID",
    "importantParams": [
      {
        "name": "max_depth",
        "vals": [
          "5"
        ]
      },
      {
        "name": "min_samples",
        "vals": [
          "1"
        ]
      },
      {
        "name": "criterion",
        "vals": [
          "gini"
        ]
      }
    ]
  },
  "resumed": false,
  "timeOrderingEnabled": false,
  "sampleWeightsEnabled": false,
  "modelId": "m1",
  "progress": {
    "top_level_todo": [
      "Scoring model",
      "Preparing explainability"
    ],
    "stack": [
      {
        "name": "Saving model",
        "target": 0.0,
        "cur": 0.0,
        "important": false,
        "depth": 0,
        "startTimestamp": 1747748318050,
        "msSinceStart": 0
      }
    ],
    "top_level_done": [
      {
        "name": "Loading train set",
        "time": 582
      },
      {
        "name": "Loading test set",
        "time": 16
      },
      {
        "name": "Collecting statistics",
        "time": 9
      },
      {
        "name": "Preprocessing train set",
        "time": 19
      },
      {
        "name": "Preprocessing test set",
        "time": 11
      },
      {
        "name": "Fitting model",
        "time": 25
      }
    ]
  },
  "startTime": 1747748317387,
  "endTime": 0,
  "preprocessingTime": 0,
  "trainingTime": 0,
  "hyperparamsSearchTime": 0,
  "pythonVersion": "3.7.13",
  "packagesVersion": {
    "pandas": "1.1.5",
    "scikit-learn": "1.0.2",
    "scipy": "1.7.3",
    "lightgbm": "4.6.0",
    "protobuf": "4.23.0",
    "flask": "2.2.5",
    "itsdangerous": "2.1.2",
    "jinja2": "3.0.3",
    "xgboost": "1.5.2",
    "werkzeug": "2.2.3",
    "statsmodels": "0.13.5",
    "pillow": "9.5.0",
    "markupsafe": "2.1.5",
    "cloudpickle": "1.5.0"
  }
}