{
  "connection": "mysql_data_connector",
  "name": "notebook editor for compute_activity_compliment_tran",
  "cells": [
    {
      "id": "0CNPCgNC6Prp",
      "type": "QUERY",
      "name": "Created from \u0027compute_activity_compliment_tran\u0027 recipe on Tue, 20 May 2025 01:18:51 GMT",
      "code": "SELECT *\n  FROM `COMPLEX_SOLUTION_SUSHIL_trans_with_fraud_lables` tran\n \n  INNER JOIN  `COMPLEX_SOLUTION_SUSHIL_activity_with_fraud_labels` act\n  ON tran.`user_id` \u003d act.`user_id` and",
      "querySettings": {
        "addLimitToStatement": true,
        "statementsOutOfTransaction": false,
        "inheritConf": "default",
        "extraConf": [],
        "addDkuUdf": false,
        "statementsParseMode": "SPLIT",
        "statementsExecutionMode": "PREPARED"
      }
    }
  ],
  "automationLocal": false,
  "creationTag": {
    "versionNumber": 0,
    "lastModifiedBy": {
      "login": "admin"
    },
    "lastModifiedOn": 1747684131726
  },
  "tags": [
    "deleted-recipe-editor"
  ],
  "customFields": {},
  "checklists": {
    "checklists": []
  }
}