{
  "name": "activity_log",
  "color": "#D03713",
  "items": [
    {
      "objectId": "location_translate",
      "objectType": "DATASET"
    },
    {
      "objectId": "compute_location_translate",
      "objectType": "RECIPE"
    },
    {
      "objectId": "compute_location_translate_prepared",
      "objectType": "RECIPE"
    },
    {
      "objectId": "location_translate_prepared",
      "objectType": "DATASET"
    },
    {
      "objectId": "activity_with_latlong",
      "objectType": "DATASET"
    },
    {
      "objectId": "compute_activity_with_latlong",
      "objectType": "RECIPE"
    },
    {
      "objectId": "activity_log",
      "objectType": "DATASET"
    },
    {
      "objectId": "compute_activity_log",
      "objectType": "RECIPE"
    }
  ],
  "shared": [],
  "position": {},
  "tags": [],
  "customFields": {},
  "checklists": {
    "checklists": []
  }
}