{
  "name": "tran_log",
  "color": "#4B8021",
  "items": [
    {
      "objectId": "compute_cross_join_tran_act",
      "objectType": "RECIPE"
    },
    {
      "objectId": "cross_join_tran_act",
      "objectType": "DATASET"
    },
    {
      "objectId": "cities_nearby_50km",
      "objectType": "DATASET"
    },
    {
      "objectId": "compute_cities_50km_rad",
      "objectType": "RECIPE"
    },
    {
      "objectId": "cities_50km_rad",
      "objectType": "DATASET"
    },
    {
      "objectId": "city_lat_long",
      "objectType": "DATASET"
    },
    {
      "objectId": "compute_city_lat_long",
      "objectType": "RECIPE"
    },
    {
      "objectId": "location_map",
      "objectType": "DATASET"
    },
    {
      "objectId": "compute_location_map",
      "objectType": "RECIPE"
    },
    {
      "objectId": "lat_long_map",
      "objectType": "DATASET"
    },
    {
      "objectId": "tran_with_alt_cities",
      "objectType": "DATASET"
    },
    {
      "objectId": "compute_tran_with_alt_cities",
      "objectType": "RECIPE"
    },
    {
      "objectId": "trans_enriched_details",
      "objectType": "DATASET"
    },
    {
      "objectId": "compute_trans_enriched_details",
      "objectType": "RECIPE"
    },
    {
      "objectId": "lat_long_map_geo_pt",
      "objectType": "DATASET"
    },
    {
      "objectId": "compute_lat_long_map_geo_pt",
      "objectType": "RECIPE"
    }
  ],
  "shared": [
    {
      "objectId": "transaction_with_label",
      "objectType": "DATASET"
    },
    {
      "objectId": "location_translate_prepared",
      "objectType": "DATASET"
    }
  ],
  "position": {},
  "tags": [],
  "customFields": {},
  "checklists": {
    "checklists": []
  }
}