{
  "name": "final_datasets",
  "color": "#C82423",
  "items": [],
  "shared": [
    {
      "objectId": "activity_log",
      "objectType": "DATASET"
    },
    {
      "objectId": "trans_enriched_details",
      "objectType": "DATASET"
    },
    {
      "objectId": "lat_long_map_geo_pt",
      "objectType": "DATASET"
    },
    {
      "objectId": "lat_long_map",
      "objectType": "DATASET"
    },
    {
      "objectId": "fraud_labels",
      "objectType": "DATASET"
    },
    {
      "objectId": "user_credit_profile",
      "objectType": "DATASET"
    },
    {
      "objectId": "user_profile_data",
      "objectType": "DATASET"
    }
  ],
  "position": {},
  "tags": [],
  "customFields": {},
  "checklists": {
    "checklists": []
  }
}