{
  "name": "credit_score_user_prof",
  "color": "#465A64",
  "items": [
    {
      "objectId": "user_profile_data",
      "objectType": "DATASET"
    },
    {
      "objectId": "compute_user_profile_data",
      "objectType": "RECIPE"
    },
    {
      "objectId": "user_credit_profile",
      "objectType": "DATASET"
    },
    {
      "objectId": "compute_user_credit_profile",
      "objectType": "RECIPE"
    }
  ],
  "shared": [
    {
      "objectId": "modifying_truth_of_credit_score",
      "objectType": "DATASET"
    }
  ],
  "position": {},
  "tags": [],
  "customFields": {},
  "checklists": {
    "checklists": []
  }
}