New York	0.0	Newark, NJ
London	1.0	Reading
Tokyo	0.0	Yokohama
Paris	0.0	Versailles
Berlin	0.0	Potsdam
Sydney	0.0	Wollongong
Toronto	0.0	Hamilton
San Francisco	0.0	Oakland
Amsterdam	0.0	Haarlem
Singapore	0.0	Johor Bahru
Seoul	0.0	Incheon
Dubai	0.0	Sharjah
Zurich	0.0	Winterthur
Vancouver	0.0	Abbotsford
Melbourne	0.0	Geelong
Stockholm	0.0	Uppsala
Copenhagen	0.0	Roskilde
Chicago	0.0	Naperville
Lisbon	0.0	Setúbal
Prague	0.0	Pilsen
Budapest	0.0	Székesfehérvár
Reykjavik	0.0	Selfoss
Auckland	0.0	Hamilton
Montreal	0.0	Laval
Mexico City	1.0	Toluca
Sao Paulo	0.0	Campinas
Cape Town	0.0	Stellenbosch
Beijing	0.0	Tianjin
Istanbul	0.0	Bursa
Bangkok	0.0	Ayutthaya
Kuala Lumpur	0.0	Klang
Tel Aviv	0.0	Netanya
Bogota	0.0	Soacha
Athens	1.0	Piraeus
Edinburgh	0.0	Dunfermline
Glasgow	0.0	Paisley
Minneapolis	0.0	St. Paul
Phoenix	0.0	Mesa
Denver	0.0	Boulder
Atlanta	0.0	Marietta
Brisbane	0.0	Ipswich
Adelaide	0.0	Gawler
Valencia	0.0	Castellón de la Plana
Geneva	0.0	Lausanne
Basel	0.0	Mulhouse
Bern	0.0	Thun
Frankfurt	0.0	Wiesbaden
Hamburg	0.0	Lübeck
Stuttgart	0.0	Karlsruhe
Dusseldorf	0.0	Essen
Birmingham	0.0	Coventry
Manchester	0.0	Bolton
Leeds	0.0	Bradford
Nottingham	0.0	Derby
Ljubljana	0.0	Kranj
Tallinn	0.0	Tartu
Riga	0.0	Jelgava
Vilnius	0.0	Kaunas
Bratislava	0.0	Trnava
Hague	0.0	Delft
Rotterdam	0.0	Dordrecht
Utrecht	0.0	Amersfoort
Malmo	0.0	Lund
Gothenburg	0.0	Borås
Turku	0.0	Salo
Monaco	0.0	Nice
San Marino	0.0	Rimini
Andorra la Vella	0.0	La Seu d'Urgell
Vaduz	0.0	Chur
Osaka	0.0	Kobe
Yokohama	0.0	Kawasaki
Kyoto	0.0	Nara
Canberra	0.0	Queanbeyan
Wellington	0.0	Lower Hutt
Calgary	0.0	Airdrie
Ottawa	0.0	Gatineau
Quebec City	0.0	Lévis
Halifax	0.0	Dartmouth
San Diego	0.0	Chula Vista
Seattle	0.0	Tacoma
Portland	0.0	Vancouver, WA
Salt Lake City	0.0	Ogden
Austin	0.0	Round Rock
Raleigh	0.0	Durham
Charlotte	0.0	Concord
Dallas	0.0	Fort Worth
Philadelphia	0.0	Camden, NJ
Pittsburgh	0.0	Greensburg
Columbus	0.0	Newark, OH
Indianapolis	0.0	Carmel
Milwaukee	0.0	Waukesha
Madison	0.0	Janesville
Cincinnati	0.0	Covington, KY
Nashville	0.0	Murfreesboro
San Jose	0.0	Sunnyvale
Sacramento	0.0	Roseville
Edmonton	0.0	St. Albert
Winnipeg	0.0	Steinbach
Victoria	0.0	Saanich
Montpellier	0.0	Nîmes
Lyon	0.0	Villeurbanne
Toulouse	0.0	Albi
Nice	0.0	Antibes
Nantes	0.0	Saint-Nazaire
Bordeaux	0.0	Mérignac
Strasbourg	0.0	Haguenau
Lagos	1.0	Ikorodu
Rio de Janeiro	1.0	Niterói
Moscow	1.0	Khimki
Nairobi	1.0	Thika
Dhaka	1.0	Narayanganj
Manila	1.0	Quezon City
Bogotá	1.0	Soacha
Miami	1.0	Fort Lauderdale
New York	0.0	Newark, NJ
London	1.0	Reading
Tokyo	0.0	Yokohama
Paris	0.0	Versailles
Berlin	0.0	Potsdam
Sydney	0.0	Wollongong
Toronto	0.0	Hamilton
San Francisco	0.0	Oakland
Amsterdam	0.0	Haarlem
Singapore	0.0	Johor Bahru
Seoul	0.0	Incheon
Dubai	0.0	Sharjah
Zurich	0.0	Winterthur
Vancouver	0.0	Abbotsford
Melbourne	0.0	Geelong
Stockholm	0.0	Uppsala
Copenhagen	0.0	Roskilde
Chicago	0.0	Naperville
Lisbon	0.0	Setúbal
Prague	0.0	Pilsen
Budapest	0.0	Székesfehérvár
Reykjavik	0.0	Selfoss
Auckland	0.0	Hamilton
Montreal	0.0	Laval
Mexico City	1.0	Toluca
Sao Paulo	0.0	Campinas
Cape Town	0.0	Stellenbosch
Beijing	0.0	Tianjin
Istanbul	0.0	Bursa
Bangkok	0.0	Ayutthaya
Kuala Lumpur	0.0	Klang
Tel Aviv	0.0	Netanya
Bogota	0.0	Soacha
Athens	1.0	Piraeus
Edinburgh	0.0	Dunfermline
Glasgow	0.0	Paisley
Minneapolis	0.0	St. Paul
Phoenix	0.0	Mesa
Denver	0.0	Boulder
Atlanta	0.0	Marietta
Brisbane	0.0	Ipswich
Adelaide	0.0	Gawler
Valencia	0.0	Castellón de la Plana
Geneva	0.0	Lausanne
Basel	0.0	Mulhouse
Bern	0.0	Thun
Frankfurt	0.0	Wiesbaden
Hamburg	0.0	Lübeck
Stuttgart	0.0	Karlsruhe
Dusseldorf	0.0	Essen
Birmingham	0.0	Coventry
Manchester	0.0	Bolton
Leeds	0.0	Bradford
Nottingham	0.0	Derby
Ljubljana	0.0	Kranj
Tallinn	0.0	Tartu
Riga	0.0	Jelgava
Vilnius	0.0	Kaunas
Bratislava	0.0	Trnava
Hague	0.0	Delft
Rotterdam	0.0	Dordrecht
Utrecht	0.0	Amersfoort
Malmo	0.0	Lund
Gothenburg	0.0	Borås
Turku	0.0	Salo
Monaco	0.0	Nice
San Marino	0.0	Rimini
Andorra la Vella	0.0	La Seu d'Urgell
Vaduz	0.0	Chur
Osaka	0.0	Kobe
Yokohama	0.0	Kawasaki
Kyoto	0.0	Nara
Canberra	0.0	Queanbeyan
Wellington	0.0	Lower Hutt
Calgary	0.0	Airdrie
Ottawa	0.0	Gatineau
Quebec City	0.0	Lévis
Halifax	0.0	Dartmouth
San Diego	0.0	Chula Vista
Seattle	0.0	Tacoma
Portland	0.0	Vancouver, WA
Salt Lake City	0.0	Ogden
Austin	0.0	Round Rock
Raleigh	0.0	Durham
Charlotte	0.0	Concord
Dallas	0.0	Fort Worth
Philadelphia	0.0	Camden, NJ
Pittsburgh	0.0	Greensburg
Columbus	0.0	Newark, OH
Indianapolis	0.0	Carmel
Milwaukee	0.0	Waukesha
Madison	0.0	Janesville
Cincinnati	0.0	Covington, KY
Nashville	0.0	Murfreesboro
San Jose	0.0	Sunnyvale
Sacramento	0.0	Roseville
Edmonton	0.0	St. Albert
Winnipeg	0.0	Steinbach
Victoria	0.0	Saanich
Montpellier	0.0	Nîmes
Lyon	0.0	Villeurbanne
Toulouse	0.0	Albi
Nice	0.0	Antibes
Nantes	0.0	Saint-Nazaire
Bordeaux	0.0	Mérignac
Strasbourg	0.0	Haguenau
Lagos	1.0	Ikorodu
Rio de Janeiro	1.0	Niterói
Moscow	1.0	Khimki
Nairobi	1.0	Thika
Dhaka	1.0	Narayanganj
Manila	1.0	Quezon City
Bogotá	1.0	Soacha
Miami	1.0	Fort Lauderdale
