{
  "script": {
    "steps": [],
    "maxProcessedMemTableBytes": -1,
    "columnsSelection": {
      "mode": "ALL",
      "list": [
        {
          "name": "user_id",
          "d": true
        },
        {
          "name": "dob",
          "d": true
        },
        {
          "name": "age_of_user",
          "d": true
        },
        {
          "name": "email",
          "d": true
        },
        {
          "name": "email_localpart",
          "d": true
        },
        {
          "name": "email_domain",
          "d": true
        },
        {
          "name": "phone",
          "d": true
        },
        {
          "name": "ssn",
          "d": true
        },
        {
          "name": "address",
          "d": true
        },
        {
          "name": "registration_date",
          "d": true
        },
        {
          "name": "age_of_acc",
          "d": true
        },
        {
          "name": "is_synthetic",
          "d": true
        },
        {
          "name": "email_risk_ind",
          "d": true
        }
      ]
    },
    "columnOrder": [],
    "columnWidthsByName": {
      "user_id": 267,
      "dob": 100,
      "age_of_user": 100,
      "email": 267,
      "email_localpart": 155,
      "email_domain": 134,
      "phone": 169,
      "ssn": 100,
      "address": 300,
      "registration_date": 143,
      "age_of_acc": 100,
      "is_synthetic": 105,
      "email_risk_ind": 120
    },
    "columnUseScientificNotationByName": {},
    "coloring": {
      "scheme": "MEANING_AND_STATUS",
      "individualColumns": [],
      "individualColumnsRules": [],
      "valueColoringMode": "HASH",
      "coloringGroups": []
    },
    "sorting": [
      {
        "column": "is_synthetic",
        "ascending": false
      }
    ],
    "analysisColumnData": {},
    "explorationSampling": {
      "selection": {
        "maxRecordsForDisplay": -1,
        "maxStoredBytes": 104857600,
        "timeout": -1,
        "filter": {
          "distinct": false,
          "enabled": false
        },
        "partitionSelectionMethod": "ALL",
        "latestPartitionsN": 1,
        "ordering": {
          "enabled": false,
          "rules": []
        },
        "samplingMethod": "HEAD_SEQUENTIAL",
        "maxRecords": 10000,
        "targetRatio": 0.02,
        "ascending": true,
        "withinFirstN": -1,
        "maxReadUncompressedBytes": -1
      },
      "autoRefreshSample": false,
      "_refreshTrigger": 0
    },
    "vizSampling": {
      "selection": {
        "useMemTable": false,
        "filter": {
          "distinct": false,
          "enabled": false
        },
        "partitionSelectionMethod": "ALL",
        "latestPartitionsN": 1,
        "ordering": {
          "enabled": false,
          "rules": []
        },
        "samplingMethod": "FULL",
        "maxRecords": -1,
        "targetRatio": 0.02,
        "ascending": true,
        "withinFirstN": -1,
        "maxReadUncompressedBytes": -1
      },
      "autoRefreshSample": false,
      "_refreshTrigger": 0
    },
    "exploreUIParams": {
      "autoRefresh": true
    },
    "globalSearchQuery": "",
    "explorationFilters": [
      {
        "column": "is_synthetic",
        "type": "columnFilter",
        "currentMode": "FACET",
        "active": true,
        "facet": {
          "type": "facet",
          "column": "is_synthetic",
          "columnType": "NUMERICAL",
          "currentMode": "NUMERICAL",
          "sort": "count",
          "maxValue": 0.7911,
          "selectedValues": {}
        },
        "alphanumFilter": {
          "type": "alphanum",
          "column": "is_synthetic",
          "selectedValues": [],
          "params": {
            "mode": "full_string",
            "normalization": "exact"
          }
        },
        "validityFilter": {
          "type": "validity",
          "column": "is_synthetic",
          "params": {
            "type": "LongMeaning",
            "ok": true,
            "nok": true,
            "empty": true
          }
        }
      },
      {
        "column": "email_risk_ind",
        "type": "columnFilter",
        "currentMode": "FACET",
        "active": true,
        "facet": {
          "type": "facet",
          "column": "email_risk_ind",
          "columnType": "NUMERICAL",
          "currentMode": "ALPHANUM",
          "sort": "count",
          "selectedValues": {
            "1": true
          }
        },
        "alphanumFilter": {
          "type": "alphanum",
          "column": "email_risk_ind",
          "selectedValues": [],
          "params": {
            "mode": "full_string",
            "normalization": "exact"
          }
        },
        "validityFilter": {
          "type": "validity",
          "column": "email_risk_ind",
          "params": {
            "type": "LongMeaning",
            "ok": true,
            "nok": true,
            "empty": true
          }
        }
      }
    ],
    "previewMode": "ALL_ROWS"
  },
  "charts": [],
  "interactiveSearch": {
    "savedQueries": []
  },
  "customMeasures": []
}