{
    "per_feature": {
        "credit_score": {
            "stats": {
                "min": 334.0,
                "average": 680.6938775510204,
                "median": 693.0,
                "max": 850.0,
                "p99": 825.92,
                "std": 79.65261947670463
            },
            "missing_impute_with_value": 680.6938775510204
        },
        "address": {
            "stats": {}
        },
        "age_of_user": {
            "stats": {
                "min": 18.0,
                "average": 47.27472527472528,
                "median": 48.0,
                "max": 85.0,
                "p99": 83.0,
                "std": 17.200671108969427
            },
            "missing_impute_with_value": 47.27472527472528
        },
        "current_utilization": {
            "stats": {
                "min": 0.0,
                "average": 35.06436420722135,
                "median": 32.0,
                "max": 100.0,
                "p99": 94.91999999999996,
                "std": 20.41728061203096
            },
            "missing_impute_with_value": 35.06436420722135
        },
        "delinquencies": {
            "stats": {}
        },
        "total_credit_limit": {
            "stats": {
                "min": 5181.06,
                "average": 26990.96383045527,
                "median": 24885.98,
                "max": 99862.25,
                "p99": 93053.90239999999,
                "std": 17815.561701656618
            },
            "missing_impute_with_value": 26990.96383045527
        },
        "email_localpart": {
            "stats": {}
        },
        "age_of_acc": {
            "stats": {
                "min": 0.0,
                "average": 12.94770206022187,
                "median": 9.0,
                "max": 48.0,
                "p99": 44.700000000000045,
                "std": 11.81761358070389
            },
            "missing_impute_with_value": 12.94770206022187
        },
        "ssn": {
            "stats": {}
        },
        "num_loans": {
            "stats": {}
        },
        "registration_date": {
            "stats": {}
        },
        "user_id": {
            "stats": {}
        },
        "phone": {
            "stats": {}
        },
        "dob": {
            "stats": {}
        },
        "email_risk_ind": {
            "stats": {
                "min": 1.0,
                "average": 1.0,
                "median": 1.0,
                "max": 1.0,
                "p99": 1.0,
                "std": 0.0
            },
            "missing_impute_with_value": 0.0
        },
        "email_domain": {
            "stats": {}
        },
        "email": {
            "stats": {}
        },
        "is_synthetic": {
            "stats": {}
        },
        "ind_risk_tran_typ_wt": {
            "stats": {
                "min": 1.0,
                "average": 5.667721518987341,
                "median": 5.0,
                "max": 16.0,
                "p99": 13.0,
                "std": 2.7182022815462203
            },
            "missing_impute_with_value": 5.667721518987341
        },
        "ind_risk_merch_cat_wt": {
            "stats": {
                "min": 1.0,
                "average": 5.014354066985646,
                "median": 5.0,
                "max": 16.0,
                "p99": 13.0,
                "std": 2.6399701123166417
            },
            "missing_impute_with_value": 5.014354066985646
        },
        "ind_risk_dist_wt": {
            "stats": {
                "min": 1.0,
                "average": 10.108433734939759,
                "median": 10.0,
                "max": 21.0,
                "p99": 18.0,
                "std": 3.1211648672876975
            },
            "missing_impute_with_value": 10.108433734939759
        }
    },
    "feature_order": [
        "credit_score",
        "address",
        "age_of_user",
        "current_utilization",
        "delinquencies",
        "total_credit_limit",
        "email_localpart",
        "age_of_acc",
        "ssn",
        "num_loans",
        "registration_date",
        "user_id",
        "phone",
        "dob",
        "email_risk_ind",
        "email_domain",
        "email",
        "is_synthetic",
        "ind_risk_tran_typ_wt",
        "ind_risk_merch_cat_wt",
        "ind_risk_dist_wt"
    ]
}